#删除四张客户化表的所以配置字段
DELETE FROM gp_bm_id_fielddata WHERE PGUID IN ('4c7744d98f73475aab42dff117dcbcb3',
'513e9e250dc04f66a2320a5767dac94d',
'6cb9920c29604559a6ef3dfb58adc2c9',
'fb8b6b6d41224978bc605281f38cb0aa'
);
# 删除导入配置 存量  与 个人发生额 表的添加的 MBS账号 MBS联名客户号 客户编号
DELETE FROM gp_bm_id_fielddata WHERE GUID IN ('439e3ba366b811ebb073005056ba5dec',
'568c54f08a7840ce97fea03a88666666',
'691eefc766b811ebb073005056ba5dec',
'71c5e0d966b811ebb073005056ba5dec',
'78bee41666b811ebb073005056ba5dec',
'c61393c7297f46db9f89fa7a7a666666'
);
# 删除导出配置 存量  与 个人发生额 表的添加的 MBS账号 MBS联名客户号 客户编号
 DELETE   FROM  gp_bm_template_export 
WHERE DATA_ID IN (
'289cbc3a6cbe4c868ccabc865c4234ff',
'30d8f720a50d4f27bc7e0567e2ff3cb5',
'4df5362baa144345b5a7cff1a197f43a',
'65e3e1adf02842bba5e7cc9fd88a908b',
'76c1c0126d79445e8267ec5b0591ae3c',
'bd3f4d8c8aa54d168645563adcb8d956',
'cea4609daca643668345b2caa0913c69'
);
 

DELETE  FROM gp_bm_id_filedata  WHERE GUID IN('4c7744d98f73475aab42dff117dcbcb3',
'513e9e250dc04f66a2320a5767dac94d',
'6cb9920c29604559a6ef3dfb58adc2c9',
'fb8b6b6d41224978bc605281f38cb0aa');
					
					
DELETE FROM GP_BM_ID_MULTIFILEDATA 
WHERE data_id IN ('1fd3b3d3e0644752aa3b4e5f773d9910',
		'69ee5fadb71e447fabb5e1c4fcad0fb8',
		'a232499d967c4b749f788f0ee7c2b9cc',
		'ff31f89895364a9e99501ac3a046220b');				
					
					
#删除四张客户化表
DROP TABLE IF EXISTS TMP_HSBC_GFDR_PM_CLGRDKS;
DROP TABLE IF EXISTS TMP_HSBC_GFDR_PM_GRDKFSS;
DROP TABLE IF EXISTS tmp_hsbc_lmkm_dk_mapping;
DROP TABLE IF EXISTS tmp_hsbc_lmkm_fs_mapping;






CREATE TABLE TMP_HSBC_LMKM_DK_MAPPING(
LOAN_AC            VARCHAR(100) COMMENT'账号',
LOAN_LEVEL_CUST_NO VARCHAR(100) COMMENT'联名客户号',
SOLE_CUST_NO       VARCHAR(100) COMMENT'非联名客户号',
SXED_AMT           DECIMAL(22,2)COMMENT'联名授信额度',
SXED_AMT_CF        DECIMAL(22,2)COMMENT'拆分后的授信额度',
INDEX LOAN_AC_key(LOAN_AC),
INDEX LOAN_LEVEL_CUST_NO_KEY(LOAN_LEVEL_CUST_NO)

)COMMENT'存量个人贷款mapping表';
 

 

# -------------------
CREATE TABLE TMP_HSBC_LMKM_FS_MAPPING(
LOAN_AC            VARCHAR(100) COMMENT'账号',
LOAN_LEVEL_CUST_NO VARCHAR(100) COMMENT'联名客户号',
SOLE_CUST_NO       VARCHAR(100) COMMENT'非联名客户号',
INDEX LOAN_AC_key(LOAN_AC),
INDEX LOAN_LEVEL_CUST_NO_KEY(LOAN_LEVEL_CUST_NO)

)COMMENT'个人贷款发生额mapping表';
  

 CREATE TABLE `TMP_HSBC_GFDR_PM_CLGRDKS` (
  `DATA_ID` VARCHAR(64) NOT NULL COMMENT '数据ID',
  `DATA_DATE` CHAR(8) DEFAULT NULL COMMENT '数据日期',
  `DATA_RPT_DATE` CHAR(8) DEFAULT NULL COMMENT '报表日期',
  `CORP_ID` VARCHAR(14) DEFAULT NULL COMMENT '法人机构号',
  `ORG_ID` VARCHAR(14) DEFAULT NULL COMMENT '机构号',
  `GROUP_ID` VARCHAR(100) DEFAULT NULL COMMENT '部门编号',
  `INQ_ORG_ID` VARCHAR(32) DEFAULT NULL COMMENT '查询机构号',
  `INQ_GROUP_ID` VARCHAR(32) DEFAULT NULL COMMENT '查询组号',
  `JRJGDM` VARCHAR(18) DEFAULT NULL COMMENT '金融机构代码',
  `NBJGH` VARCHAR(30) DEFAULT NULL COMMENT '内部机构号',
  `JRJGDQDM` VARCHAR(6) DEFAULT NULL COMMENT '金融机构地区代码',
  `JKRZJLX` VARCHAR(3) DEFAULT NULL COMMENT '借款人证件类型',
  `JKRZJDM` VARCHAR(60) DEFAULT NULL COMMENT '借款人证件代码',
  `JKRDQDM` VARCHAR(6) DEFAULT NULL COMMENT '借款人地区代码',
  `DKJJBM` VARCHAR(100) DEFAULT NULL COMMENT '贷款借据编码',
  `DKHTBM` VARCHAR(100) DEFAULT NULL COMMENT '贷款合同编码',
  `DKCPLB` VARCHAR(6) DEFAULT NULL COMMENT '贷款产品类别',
  `DKFFRQ_DATE` VARCHAR(8) DEFAULT NULL COMMENT '贷款发放日期',
  `DKDQRQ_DATE` VARCHAR(8) DEFAULT NULL COMMENT '贷款到期日期',
  `DKZQDQRQ_DATE` VARCHAR(8) DEFAULT NULL COMMENT '贷款展期到期日期',
  `BZ` VARCHAR(3) DEFAULT NULL COMMENT '币种',
  `DKYE_AMT` DECIMAL(22,2) DEFAULT NULL COMMENT '贷款余额',
  `DKYEZRMB_AMT` DECIMAL(22,2) DEFAULT NULL COMMENT '贷款余额折人民币',
  `LLSFGD` VARCHAR(4) DEFAULT NULL COMMENT '利率是否固定',
  `LLSP` DECIMAL(15,5) DEFAULT NULL COMMENT '利率水平',
  `DKDJJZLX` VARCHAR(4) DEFAULT NULL COMMENT '贷款定价基准类型',
  `JZLL` DECIMAL(15,5) DEFAULT NULL COMMENT '基准利率',
  `DKCZFCFS` VARCHAR(5) DEFAULT NULL COMMENT '贷款财政扶持方式',
  `DKLLCXDJR_DATE` VARCHAR(8) DEFAULT NULL COMMENT '贷款利率重新定价日',
  `DKDBFS` VARCHAR(3) DEFAULT NULL COMMENT '贷款担保方式',
  `SFSCDK` VARCHAR(1) DEFAULT NULL COMMENT '是否首次贷款',
  `DKZL` VARCHAR(4) DEFAULT NULL COMMENT '贷款质量',
  `DKZT` VARCHAR(4) DEFAULT NULL COMMENT '贷款状态',
  `YQLX` VARCHAR(2) DEFAULT NULL COMMENT '逾期类型',
  `DKYT` VARCHAR(1000) DEFAULT NULL COMMENT '贷款用途',
  `REMARKS` VARCHAR(14) DEFAULT NULL COMMENT '备注',
  `CHECK_FLAG` CHAR(1) DEFAULT NULL COMMENT '校验标识',
  `CHECK_DESC` VARCHAR(3072) DEFAULT NULL COMMENT '校验结果',
  `CHECK_ERR_TYPE` CHAR(1) DEFAULT NULL COMMENT '校验失败类型',
  `NEXT_ACTION` CHAR(2) DEFAULT NULL COMMENT '下一动作',
  `DATA_STATUS` CHAR(2) DEFAULT NULL COMMENT '数据状态',
  `DATA_FLAG` CHAR(1) DEFAULT NULL COMMENT '数据是否已删除',
  `DATA_OP` CHAR(1) DEFAULT NULL COMMENT '数据操作 A：新增，D:删除, M:修改',
  `DATA_SOURCE` CHAR(1) DEFAULT NULL COMMENT '数据来源',
  `DATA_VERSION` INT(11) DEFAULT NULL COMMENT '数据版本',
  `DATA_REJ_DESC` VARCHAR(128) DEFAULT NULL COMMENT '数据审核拒绝原因',
  `DATA_DEL_DESC` VARCHAR(128) DEFAULT NULL COMMENT '数据删除描述',
  `DATA_CRT_USER` VARCHAR(20) DEFAULT NULL COMMENT '数据创建/导入用户',
  `DATA_CRT_DATE` CHAR(8) DEFAULT NULL COMMENT '数据创建/导入日期',
  `DATA_CRT_TIME` CHAR(14) DEFAULT NULL COMMENT '数据创建/导入时间',
  `DATA_CHG_USER` VARCHAR(20) DEFAULT NULL COMMENT '数据修改/删除用户',
  `DATA_CHG_DATE` CHAR(8) DEFAULT NULL COMMENT '数据修改/删除日期',
  `DATA_CHG_TIME` CHAR(14) DEFAULT NULL COMMENT '数据修改/删除时间',
  `DATA_APV_USER` VARCHAR(20) DEFAULT NULL COMMENT '数据审核/拒绝用户',
  `DATA_APV_DATE` CHAR(8) DEFAULT NULL COMMENT '数据审核/拒绝日期',
  `DATA_APV_TIME` CHAR(14) DEFAULT NULL COMMENT '数据审核/拒绝时间',
  `RSV1` VARCHAR(180) DEFAULT NULL COMMENT '备用1',
  `RSV2` VARCHAR(180) DEFAULT NULL COMMENT '备用2',
  `RSV3` VARCHAR(180) DEFAULT NULL COMMENT '备用3',
  `RSV4` VARCHAR(180) DEFAULT NULL COMMENT '备用4',
  `RSV5` VARCHAR(180) DEFAULT NULL COMMENT '备用5',
  	 PRIMARY KEY (DATA_ID),
	 UNIQUE KEY U_CLGRDK (DATA_RPT_DATE,JRJGDM,DKJJBM),
	 INDEX DKHTBM_KEY(DKHTBM),
	 INDEX RSV1_KEY(RSV1),
	 INDEX JKRZJDM_KEY(JKRZJDM)
) ENGINE=INNODB DEFAULT CHARSET=utf8;





CREATE TABLE `TMP_HSBC_GFDR_PM_GRDKFSS` (
  `DATA_ID` VARCHAR(64) NOT NULL COMMENT '数据ID',
  `DATA_DATE` CHAR(8) DEFAULT NULL COMMENT '数据日期',
  `DATA_RPT_DATE` CHAR(8) DEFAULT NULL COMMENT '报表日期',
  `CORP_ID` VARCHAR(14) DEFAULT NULL COMMENT '法人机构号',
  `ORG_ID` VARCHAR(14) DEFAULT NULL COMMENT '机构号',
  `GROUP_ID` VARCHAR(100) DEFAULT NULL COMMENT '部门编号',
  `INQ_ORG_ID` VARCHAR(32) DEFAULT NULL COMMENT '查询机构号',
  `INQ_GROUP_ID` VARCHAR(32) DEFAULT NULL COMMENT '查询组号',
  `JRJGDM` VARCHAR(18) DEFAULT NULL,
  `NBJGH` VARCHAR(30) DEFAULT NULL,
  `JRJGDQDM` VARCHAR(6) DEFAULT NULL,
  `JKRZJLX` VARCHAR(3) DEFAULT NULL,
  `JKRZJDM` VARCHAR(60) DEFAULT NULL,
  `JKRDQDM` VARCHAR(6) DEFAULT NULL,
  `DKJJBM` VARCHAR(100) DEFAULT NULL,
  `DKHTBM` VARCHAR(100) DEFAULT NULL,
  `DKCPLB` VARCHAR(6) DEFAULT NULL,
  `DKFFRQ_DATE` VARCHAR(10) DEFAULT NULL,
  `DKDQRQ_DATE` VARCHAR(10) DEFAULT NULL,
  `DKSJZZRQ_DATE` VARCHAR(10) DEFAULT NULL,
  `BZ` VARCHAR(3) DEFAULT NULL,
  `DKFSJE_AMT` DECIMAL(22,2) DEFAULT NULL,
  `DKFSJEZRMB_AMT` DECIMAL(22,2) DEFAULT NULL,
  `LLSFGD` VARCHAR(4) DEFAULT NULL,
  `LLSP` DECIMAL(15,5) DEFAULT NULL,
  `DKDJJZLX` VARCHAR(4) DEFAULT NULL,
  `JZLL` DECIMAL(15,5) DEFAULT NULL,
  `DKCZFCFS` VARCHAR(5) DEFAULT NULL,
  `DKLLCXDJR_DATE` VARCHAR(10) DEFAULT NULL,
  `DKDBFS` VARCHAR(3) DEFAULT NULL,
  `SFSCDK` VARCHAR(1) DEFAULT NULL,
  `DKZT` VARCHAR(4) DEFAULT NULL,
  `ZCZQHCPDM` VARCHAR(400) DEFAULT NULL,
  `DKCZFS` VARCHAR(2) DEFAULT NULL,
  `FFSHBZ` VARCHAR(1) DEFAULT NULL,
  `JYLSH` VARCHAR(60) DEFAULT NULL,
  `DKYT` VARCHAR(1000) DEFAULT NULL,
  `REMARKS` VARCHAR(14) DEFAULT NULL,
  `CHECK_FLAG` CHAR(1) DEFAULT NULL COMMENT '校验标识',
  `CHECK_DESC` VARCHAR(3072) DEFAULT NULL COMMENT '校验结果',
  `CHECK_ERR_TYPE` CHAR(1) DEFAULT NULL COMMENT '校验失败类型',
  `NEXT_ACTION` CHAR(2) DEFAULT NULL COMMENT '下一动作',
  `DATA_STATUS` CHAR(2) DEFAULT NULL COMMENT '数据状态',
  `DATA_FLAG` CHAR(1) DEFAULT NULL COMMENT '数据是否已删除',
  `DATA_OP` CHAR(1) DEFAULT NULL COMMENT '数据操作 A：新增，D:删除, M:修改',
  `DATA_SOURCE` CHAR(1) DEFAULT NULL COMMENT '数据来源',
  `DATA_VERSION` INT(11) DEFAULT NULL COMMENT '数据版本',
  `DATA_REJ_DESC` VARCHAR(128) DEFAULT NULL COMMENT '数据审核拒绝原因',
  `DATA_DEL_DESC` VARCHAR(128) DEFAULT NULL COMMENT '数据删除描述',
  `DATA_CRT_USER` VARCHAR(20) DEFAULT NULL COMMENT '数据创建/导入用户',
  `DATA_CRT_DATE` CHAR(8) DEFAULT NULL COMMENT '数据创建/导入日期',
  `DATA_CRT_TIME` CHAR(14) DEFAULT NULL COMMENT '数据创建/导入时间',
  `DATA_CHG_USER` VARCHAR(20) DEFAULT NULL COMMENT '数据修改/删除用户',
  `DATA_CHG_DATE` CHAR(8) DEFAULT NULL COMMENT '数据修改/删除日期',
  `DATA_CHG_TIME` CHAR(14) DEFAULT NULL COMMENT '数据修改/删除时间',
  `DATA_APV_USER` VARCHAR(20) DEFAULT NULL COMMENT '数据审核/拒绝用户',
  `DATA_APV_DATE` CHAR(8) DEFAULT NULL COMMENT '数据审核/拒绝日期',
  `DATA_APV_TIME` CHAR(14) DEFAULT NULL COMMENT '数据审核/拒绝时间',
  `RSV1` VARCHAR(180) DEFAULT NULL COMMENT '备用1',
  `RSV2` VARCHAR(180) DEFAULT NULL COMMENT '备用2',
  `RSV3` VARCHAR(180) DEFAULT NULL COMMENT '备用3',
  `RSV4` VARCHAR(180) DEFAULT NULL COMMENT '备用4',
  `RSV5` VARCHAR(180) DEFAULT NULL COMMENT '备用5',
   	 PRIMARY KEY(DATA_ID),
	 UNIQUE KEY U_GRDKFS(DATA_RPT_DATE,JRJGDM,DKJJBM,FFSHBZ,JYLSH),
	 INDEX DKHTBM_KEY(DKHTBM),
	 INDEX RSV1_KEY(RSV1),
	 INDEX JKRZJDM_KEY(JKRZJDM)
 
) ENGINE=INNODB DEFAULT CHARSET=utf8;


INSERT INTO `GP_BM_ID_MULTIFILEDATA` (`DATA_ID`, `FILE_NAME`, `FILENAME_FORMAT`, `DATA_DATE`, `CORP_ID`, `ORG_ID`, `GROUP_ID`, `INQ_ORG_ID`, `INQ_GROUP_ID`, `CHECK_FLAG`, `CHECK_DESC`, `CHECK_ERR_TYPE`, `NEXT_ACTION`, `DATA_STATUS`, `DATA_FLAG`, `DATA_OP`, `DATA_SOURCE`, `DATA_VERSION`, `DATA_REJ_DESC`, `DATA_DEL_DESC`, `DATA_CRT_USER`, `DATA_CRT_DATE`, `DATA_CRT_TIME`, `DATA_CHG_USER`, `DATA_CHG_DATE`, `DATA_CHG_TIME`, `DATA_APV_USER`, `DATA_APV_DATE`, `DATA_APV_TIME`, `RSV1`, `RSV2`, `RSV3`, `RSV4`, `RSV5`, `DATA_HASH`) VALUES('1fd3b3d3e0644752aa3b4e5f773d9910','MBS个人贷款发生额.xlsx','*',NULL,NULL,NULL,'0',NULL,NULL,NULL,NULL,NULL,NULL,NULL,NULL,NULL,NULL,NULL,NULL,NULL,'HSBC01','20210204','20210204103856','HSBC01','20210204','20210204103856',NULL,NULL,NULL,NULL,NULL,NULL,NULL,NULL,NULL);
INSERT INTO `GP_BM_ID_MULTIFILEDATA` (`DATA_ID`, `FILE_NAME`, `FILENAME_FORMAT`, `DATA_DATE`, `CORP_ID`, `ORG_ID`, `GROUP_ID`, `INQ_ORG_ID`, `INQ_GROUP_ID`, `CHECK_FLAG`, `CHECK_DESC`, `CHECK_ERR_TYPE`, `NEXT_ACTION`, `DATA_STATUS`, `DATA_FLAG`, `DATA_OP`, `DATA_SOURCE`, `DATA_VERSION`, `DATA_REJ_DESC`, `DATA_DEL_DESC`, `DATA_CRT_USER`, `DATA_CRT_DATE`, `DATA_CRT_TIME`, `DATA_CHG_USER`, `DATA_CHG_DATE`, `DATA_CHG_TIME`, `DATA_APV_USER`, `DATA_APV_DATE`, `DATA_APV_TIME`, `RSV1`, `RSV2`, `RSV3`, `RSV4`, `RSV5`, `DATA_HASH`) VALUES('69ee5fadb71e447fabb5e1c4fcad0fb8','MBS发生额Mapping.xlsx',NULL,NULL,NULL,NULL,'0',NULL,NULL,NULL,NULL,NULL,NULL,NULL,NULL,NULL,NULL,NULL,NULL,NULL,'HSBC01','20210204','20210204103900','HSBC01','20210204','20210204103900',NULL,NULL,NULL,NULL,NULL,NULL,NULL,NULL,NULL);
INSERT INTO `GP_BM_ID_MULTIFILEDATA` (`DATA_ID`, `FILE_NAME`, `FILENAME_FORMAT`, `DATA_DATE`, `CORP_ID`, `ORG_ID`, `GROUP_ID`, `INQ_ORG_ID`, `INQ_GROUP_ID`, `CHECK_FLAG`, `CHECK_DESC`, `CHECK_ERR_TYPE`, `NEXT_ACTION`, `DATA_STATUS`, `DATA_FLAG`, `DATA_OP`, `DATA_SOURCE`, `DATA_VERSION`, `DATA_REJ_DESC`, `DATA_DEL_DESC`, `DATA_CRT_USER`, `DATA_CRT_DATE`, `DATA_CRT_TIME`, `DATA_CHG_USER`, `DATA_CHG_DATE`, `DATA_CHG_TIME`, `DATA_APV_USER`, `DATA_APV_DATE`, `DATA_APV_TIME`, `RSV1`, `RSV2`, `RSV3`, `RSV4`, `RSV5`, `DATA_HASH`) VALUES('a232499d967c4b749f788f0ee7c2b9cc','MBS个人贷款Mapping.xlsx','*',NULL,NULL,NULL,'0',NULL,NULL,NULL,NULL,NULL,NULL,NULL,NULL,NULL,NULL,NULL,NULL,NULL,'HSBC01','20210204','20210204103906','HSBC01','20210204','20210204103906',NULL,NULL,NULL,NULL,NULL,NULL,NULL,NULL,NULL);
INSERT INTO `GP_BM_ID_MULTIFILEDATA` (`DATA_ID`, `FILE_NAME`, `FILENAME_FORMAT`, `DATA_DATE`, `CORP_ID`, `ORG_ID`, `GROUP_ID`, `INQ_ORG_ID`, `INQ_GROUP_ID`, `CHECK_FLAG`, `CHECK_DESC`, `CHECK_ERR_TYPE`, `NEXT_ACTION`, `DATA_STATUS`, `DATA_FLAG`, `DATA_OP`, `DATA_SOURCE`, `DATA_VERSION`, `DATA_REJ_DESC`, `DATA_DEL_DESC`, `DATA_CRT_USER`, `DATA_CRT_DATE`, `DATA_CRT_TIME`, `DATA_CHG_USER`, `DATA_CHG_DATE`, `DATA_CHG_TIME`, `DATA_APV_USER`, `DATA_APV_DATE`, `DATA_APV_TIME`, `RSV1`, `RSV2`, `RSV3`, `RSV4`, `RSV5`, `DATA_HASH`) VALUES('ff31f89895364a9e99501ac3a046220b','MBS存量个人贷款.xlsx','*',NULL,NULL,NULL,'0',NULL,NULL,NULL,NULL,NULL,NULL,NULL,NULL,NULL,NULL,NULL,NULL,NULL,'HSBC01','20210204','20210204103903','HSBC01','20210204','20210204103903',NULL,NULL,NULL,NULL,NULL,NULL,NULL,NULL,NULL);



INSERT INTO `gp_bm_id_filedata` (`GUID`, `DEPART_ID`, `FILE_NAME`, `TABLE_NAME`, `BATCH_NO`, `FILE_OWNER`, `FORMAT_TYPE`, `LIST_SEPARATOR`, `SEQUENCE_NO`, `IMPORT_TIME`, `KEY_FLAG`, `START_ROW`, `START_COLUMN`, `ENDROW_FLAG`, `END_COLUMN`, `SHEET_NUM`, `MAIN_FLAG`, `FUID`, `COMMENTS`, `FILLER1`, `FILLER2`, `FILLER3`, `FILENAME_FORMAT`, `AUTOIMPORTFLAG`, `FUNCNAME`, `FUNCID`, `CHECK_TABLE`, `IMPORT_TYPE`, `JOB_TYPE`, `ARGS`, `END_ROW`, `TABLE_COMMENTS`, `PDATA_ID`, `DATA_HASH`, `IMPORT_PATTERN`, `AFTER_JOB_ARGS`, `BEFORE_JOB_ARGS`) VALUES('4c7744d98f73475aab42dff117dcbcb3','0','MBS个人贷款发生额.xlsx','TMP_HSBC_GFDR_PM_GRDKFSS','1','01','4',NULL,'1','10','9','2','1','1','32','1','01',NULL,NULL,NULL,NULL,NULL,'*',NULL,NULL,NULL,NULL,'2',NULL,NULL,NULL,'MBS个人贷款发生额','1fd3b3d3e0644752aa3b4e5f773d9910',NULL,'1',NULL,'gfdr.hsbc.ClearTable,tableName:TMP_HSBC_GFDR_PM_GRDKFSS');
INSERT INTO `gp_bm_id_filedata` (`GUID`, `DEPART_ID`, `FILE_NAME`, `TABLE_NAME`, `BATCH_NO`, `FILE_OWNER`, `FORMAT_TYPE`, `LIST_SEPARATOR`, `SEQUENCE_NO`, `IMPORT_TIME`, `KEY_FLAG`, `START_ROW`, `START_COLUMN`, `ENDROW_FLAG`, `END_COLUMN`, `SHEET_NUM`, `MAIN_FLAG`, `FUID`, `COMMENTS`, `FILLER1`, `FILLER2`, `FILLER3`, `FILENAME_FORMAT`, `AUTOIMPORTFLAG`, `FUNCNAME`, `FUNCID`, `CHECK_TABLE`, `IMPORT_TYPE`, `JOB_TYPE`, `ARGS`, `END_ROW`, `TABLE_COMMENTS`, `PDATA_ID`, `DATA_HASH`, `IMPORT_PATTERN`, `AFTER_JOB_ARGS`, `BEFORE_JOB_ARGS`) VALUES('513e9e250dc04f66a2320a5767dac94d','0','MBS发生额Mapping.xlsx','TMP_HSBC_LMKM_FS_MAPPING','1','01','4',NULL,'1','10','7','2','1','1','0','1','01',NULL,NULL,NULL,NULL,NULL,NULL,NULL,NULL,NULL,NULL,'2',NULL,NULL,NULL,'MBS发生额Mapping','69ee5fadb71e447fabb5e1c4fcad0fb8',NULL,'0',NULL,'gfdr.hsbc.ClearTable,tableName:TMP_HSBC_LMKM_FS_MAPPING');
INSERT INTO `gp_bm_id_filedata` (`GUID`, `DEPART_ID`, `FILE_NAME`, `TABLE_NAME`, `BATCH_NO`, `FILE_OWNER`, `FORMAT_TYPE`, `LIST_SEPARATOR`, `SEQUENCE_NO`, `IMPORT_TIME`, `KEY_FLAG`, `START_ROW`, `START_COLUMN`, `ENDROW_FLAG`, `END_COLUMN`, `SHEET_NUM`, `MAIN_FLAG`, `FUID`, `COMMENTS`, `FILLER1`, `FILLER2`, `FILLER3`, `FILENAME_FORMAT`, `AUTOIMPORTFLAG`, `FUNCNAME`, `FUNCID`, `CHECK_TABLE`, `IMPORT_TYPE`, `JOB_TYPE`, `ARGS`, `END_ROW`, `TABLE_COMMENTS`, `PDATA_ID`, `DATA_HASH`, `IMPORT_PATTERN`, `AFTER_JOB_ARGS`, `BEFORE_JOB_ARGS`) VALUES('6cb9920c29604559a6ef3dfb58adc2c9','0','MBS存量个人贷款.xlsx','TMP_HSBC_GFDR_PM_CLGRDKS','1','01','4',NULL,'1','10','9','2','1','1','30','1','01',NULL,NULL,NULL,NULL,NULL,'*',NULL,NULL,NULL,NULL,'2',NULL,NULL,NULL,'MBS存量个人贷款','ff31f89895364a9e99501ac3a046220b',NULL,'1',NULL,'gfdr.hsbc.ClearTable,tableName:TMP_HSBC_GFDR_PM_CLGRDKS');
INSERT INTO `gp_bm_id_filedata` (`GUID`, `DEPART_ID`, `FILE_NAME`, `TABLE_NAME`, `BATCH_NO`, `FILE_OWNER`, `FORMAT_TYPE`, `LIST_SEPARATOR`, `SEQUENCE_NO`, `IMPORT_TIME`, `KEY_FLAG`, `START_ROW`, `START_COLUMN`, `ENDROW_FLAG`, `END_COLUMN`, `SHEET_NUM`, `MAIN_FLAG`, `FUID`, `COMMENTS`, `FILLER1`, `FILLER2`, `FILLER3`, `FILENAME_FORMAT`, `AUTOIMPORTFLAG`, `FUNCNAME`, `FUNCID`, `CHECK_TABLE`, `IMPORT_TYPE`, `JOB_TYPE`, `ARGS`, `END_ROW`, `TABLE_COMMENTS`, `PDATA_ID`, `DATA_HASH`, `IMPORT_PATTERN`, `AFTER_JOB_ARGS`, `BEFORE_JOB_ARGS`) VALUES('fb8b6b6d41224978bc605281f38cb0aa','0','MBS个人贷款Mapping.xlsx','TMP_HSBC_LMKM_DK_MAPPING','1','01','4',NULL,'1','10','7','2','1','1',NULL,'1','01',NULL,NULL,NULL,NULL,NULL,'*',NULL,NULL,NULL,NULL,'2',NULL,NULL,NULL,'MBS个人贷款Mapping','a232499d967c4b749f788f0ee7c2b9cc',NULL,'0',NULL,'gfdr.hsbc.ClearTable,tableName:TMP_HSBC_LMKM_DK_MAPPING');




INSERT INTO `gp_bm_id_fielddata` (`GUID`, `FIELD_NAME`, `UMW_EXPRESSION`, `U_DATATYPE`, `UPDATE_WAY`, `UNIQUEKEY_FLAG`, `UPDATE_FLAG`, `FILTER_FLAG`, `FILLER1`, `FILLER2`, `FILLER3`, `PGUID`, `LIMIT_FLAG`, `BUSINESSKEY_FLAG`, `FIELD_COMMENTS`, `DATA_HASH`) VALUES('599acffdf8f24187888d661be43c764f','SOLE_CUST_NO','specificField(${value},3)','2','1','0','1','0',NULL,NULL,NULL,'fb8b6b6d41224978bc605281f38cb0aa',NULL,'0','SOLE_CUST_NO',NULL);
INSERT INTO `gp_bm_id_fielddata` (`GUID`, `FIELD_NAME`, `UMW_EXPRESSION`, `U_DATATYPE`, `UPDATE_WAY`, `UNIQUEKEY_FLAG`, `UPDATE_FLAG`, `FILTER_FLAG`, `FILLER1`, `FILLER2`, `FILLER3`, `PGUID`, `LIMIT_FLAG`, `BUSINESSKEY_FLAG`, `FIELD_COMMENTS`, `DATA_HASH`) VALUES('795b5c36297b47ab9773d6fac1028352','LOAN_LEVEL_CUST_NO','specificField(${value},2)','2','1','0','1','0',NULL,NULL,NULL,'fb8b6b6d41224978bc605281f38cb0aa',NULL,'0','LOAN_LEVEL_CUST_NO',NULL);
INSERT INTO `gp_bm_id_fielddata` (`GUID`, `FIELD_NAME`, `UMW_EXPRESSION`, `U_DATATYPE`, `UPDATE_WAY`, `UNIQUEKEY_FLAG`, `UPDATE_FLAG`, `FILTER_FLAG`, `FILLER1`, `FILLER2`, `FILLER3`, `PGUID`, `LIMIT_FLAG`, `BUSINESSKEY_FLAG`, `FIELD_COMMENTS`, `DATA_HASH`) VALUES('a4163e1ae0d04083821266f1036ff0bf','LOAN_AC','specificField(${value},1)','2','1','0','1','0',NULL,NULL,NULL,'fb8b6b6d41224978bc605281f38cb0aa',NULL,'0','LOAN_AC',NULL);
INSERT INTO `gp_bm_id_fielddata` (`GUID`, `FIELD_NAME`, `UMW_EXPRESSION`, `U_DATATYPE`, `UPDATE_WAY`, `UNIQUEKEY_FLAG`, `UPDATE_FLAG`, `FILTER_FLAG`, `FILLER1`, `FILLER2`, `FILLER3`, `PGUID`, `LIMIT_FLAG`, `BUSINESSKEY_FLAG`, `FIELD_COMMENTS`, `DATA_HASH`) VALUES('e8d009e2df7c444cbd34ef51861b2257','SXED_AMT','specificField(${value},4)','1','1','0','1','0',NULL,NULL,NULL,'fb8b6b6d41224978bc605281f38cb0aa',NULL,'0','SXED_AMT',NULL);


INSERT INTO `gp_bm_id_fielddata` (`GUID`, `FIELD_NAME`, `UMW_EXPRESSION`, `U_DATATYPE`, `UPDATE_WAY`, `UNIQUEKEY_FLAG`, `UPDATE_FLAG`, `FILTER_FLAG`, `FILLER1`, `FILLER2`, `FILLER3`, `PGUID`, `LIMIT_FLAG`, `BUSINESSKEY_FLAG`, `FIELD_COMMENTS`, `DATA_HASH`) VALUES('2ca4c62084a1411a9260030151bc044d','SOLE_CUST_NO','specificField(${value},3)','2','1','0','1','0',NULL,NULL,NULL,'513e9e250dc04f66a2320a5767dac94d',NULL,'0','SOLE_CUST_NO',NULL);
INSERT INTO `gp_bm_id_fielddata` (`GUID`, `FIELD_NAME`, `UMW_EXPRESSION`, `U_DATATYPE`, `UPDATE_WAY`, `UNIQUEKEY_FLAG`, `UPDATE_FLAG`, `FILTER_FLAG`, `FILLER1`, `FILLER2`, `FILLER3`, `PGUID`, `LIMIT_FLAG`, `BUSINESSKEY_FLAG`, `FIELD_COMMENTS`, `DATA_HASH`) VALUES('a34f2fa9936d46b782fb84adf9b79ff2','LOAN_AC','specificField(${value},1)','2','1','0','1','0',NULL,NULL,NULL,'513e9e250dc04f66a2320a5767dac94d',NULL,'0','LOAN_AC',NULL);
INSERT INTO `gp_bm_id_fielddata` (`GUID`, `FIELD_NAME`, `UMW_EXPRESSION`, `U_DATATYPE`, `UPDATE_WAY`, `UNIQUEKEY_FLAG`, `UPDATE_FLAG`, `FILTER_FLAG`, `FILLER1`, `FILLER2`, `FILLER3`, `PGUID`, `LIMIT_FLAG`, `BUSINESSKEY_FLAG`, `FIELD_COMMENTS`, `DATA_HASH`) VALUES('f5ad5a23cab547ff9412f22761ad1117','LOAN_LEVEL_CUST_NO','specificField(${value},2)','2','1','0','1','0',NULL,NULL,NULL,'513e9e250dc04f66a2320a5767dac94d',NULL,'0','LOAN_LEVEL_CUST_NO',NULL);




INSERT INTO `gp_bm_id_fielddata` (`GUID`, `FIELD_NAME`, `UMW_EXPRESSION`, `U_DATATYPE`, `UPDATE_WAY`, `UNIQUEKEY_FLAG`, `UPDATE_FLAG`, `FILTER_FLAG`, `FILLER1`, `FILLER2`, `FILLER3`, `PGUID`, `LIMIT_FLAG`, `BUSINESSKEY_FLAG`, `FIELD_COMMENTS`, `DATA_HASH`) VALUES('2a35bf6b614111ebb073005056ba5dec','FFSHBZ','hyphenSplitter(${value})','2','1','0','1','0','发放/收回标识',NULL,NULL,'4c7744d98f73475aab42dff117dcbcb3','1','1','发放/收回标识',NULL);
INSERT INTO `gp_bm_id_fielddata` (`GUID`, `FIELD_NAME`, `UMW_EXPRESSION`, `U_DATATYPE`, `UPDATE_WAY`, `UNIQUEKEY_FLAG`, `UPDATE_FLAG`, `FILTER_FLAG`, `FILLER1`, `FILLER2`, `FILLER3`, `PGUID`, `LIMIT_FLAG`, `BUSINESSKEY_FLAG`, `FIELD_COMMENTS`, `DATA_HASH`) VALUES('2a35c251614111ebb073005056ba5dec','DKJJBM','${value}','2','1','0','1','0','贷款借据编码',NULL,NULL,'4c7744d98f73475aab42dff117dcbcb3','1','1','贷款借据编码',NULL);
INSERT INTO `gp_bm_id_fielddata` (`GUID`, `FIELD_NAME`, `UMW_EXPRESSION`, `U_DATATYPE`, `UPDATE_WAY`, `UNIQUEKEY_FLAG`, `UPDATE_FLAG`, `FILTER_FLAG`, `FILLER1`, `FILLER2`, `FILLER3`, `PGUID`, `LIMIT_FLAG`, `BUSINESSKEY_FLAG`, `FIELD_COMMENTS`, `DATA_HASH`) VALUES('2a35c2d5614111ebb073005056ba5dec','DKSJZZRQ_DATE','autoConvertDate(${value})','2','1','0','1','0','贷款实际终止日期',NULL,NULL,'4c7744d98f73475aab42dff117dcbcb3','1','0','贷款实际终止日期',NULL);
INSERT INTO `gp_bm_id_fielddata` (`GUID`, `FIELD_NAME`, `UMW_EXPRESSION`, `U_DATATYPE`, `UPDATE_WAY`, `UNIQUEKEY_FLAG`, `UPDATE_FLAG`, `FILTER_FLAG`, `FILLER1`, `FILLER2`, `FILLER3`, `PGUID`, `LIMIT_FLAG`, `BUSINESSKEY_FLAG`, `FIELD_COMMENTS`, `DATA_HASH`) VALUES('2a35c316614111ebb073005056ba5dec','JRJGDM','${value}','2','1','0','1','0','金融机构代码',NULL,NULL,'4c7744d98f73475aab42dff117dcbcb3','1','1','金融机构代码',NULL);
INSERT INTO `gp_bm_id_fielddata` (`GUID`, `FIELD_NAME`, `UMW_EXPRESSION`, `U_DATATYPE`, `UPDATE_WAY`, `UNIQUEKEY_FLAG`, `UPDATE_FLAG`, `FILTER_FLAG`, `FILLER1`, `FILLER2`, `FILLER3`, `PGUID`, `LIMIT_FLAG`, `BUSINESSKEY_FLAG`, `FIELD_COMMENTS`, `DATA_HASH`) VALUES('2a35c354614111ebb073005056ba5dec','DATA_VERSION','fixedValue(${value},\"0\")','1','1','0','1','0','数据版本',NULL,NULL,'4c7744d98f73475aab42dff117dcbcb3','0','0','数据版本',NULL);
INSERT INTO `gp_bm_id_fielddata` (`GUID`, `FIELD_NAME`, `UMW_EXPRESSION`, `U_DATATYPE`, `UPDATE_WAY`, `UNIQUEKEY_FLAG`, `UPDATE_FLAG`, `FILTER_FLAG`, `FILLER1`, `FILLER2`, `FILLER3`, `PGUID`, `LIMIT_FLAG`, `BUSINESSKEY_FLAG`, `FIELD_COMMENTS`, `DATA_HASH`) VALUES('2a35c38e614111ebb073005056ba5dec','GROUP_ID','getImportParam(\"dataGroupId\")','2','1','0','1','0','业务条线',NULL,NULL,'4c7744d98f73475aab42dff117dcbcb3','0','0','业务条线',NULL);
INSERT INTO `gp_bm_id_fielddata` (`GUID`, `FIELD_NAME`, `UMW_EXPRESSION`, `U_DATATYPE`, `UPDATE_WAY`, `UNIQUEKEY_FLAG`, `UPDATE_FLAG`, `FILTER_FLAG`, `FILLER1`, `FILLER2`, `FILLER3`, `PGUID`, `LIMIT_FLAG`, `BUSINESSKEY_FLAG`, `FIELD_COMMENTS`, `DATA_HASH`) VALUES('2a35c3ca614111ebb073005056ba5dec','DATA_CRT_TIME','getSysTime(${value})','2','1','0','1','0','DATA_CRT_TIME',NULL,NULL,'4c7744d98f73475aab42dff117dcbcb3','0','0','DATA_CRT_TIME',NULL);
INSERT INTO `gp_bm_id_fielddata` (`GUID`, `FIELD_NAME`, `UMW_EXPRESSION`, `U_DATATYPE`, `UPDATE_WAY`, `UNIQUEKEY_FLAG`, `UPDATE_FLAG`, `FILTER_FLAG`, `FILLER1`, `FILLER2`, `FILLER3`, `PGUID`, `LIMIT_FLAG`, `BUSINESSKEY_FLAG`, `FIELD_COMMENTS`, `DATA_HASH`) VALUES('2a35c405614111ebb073005056ba5dec','DKHTBM','${value}','2','1','0','1','0','贷款合同编码',NULL,NULL,'4c7744d98f73475aab42dff117dcbcb3','1','0','贷款合同编码',NULL);
INSERT INTO `gp_bm_id_fielddata` (`GUID`, `FIELD_NAME`, `UMW_EXPRESSION`, `U_DATATYPE`, `UPDATE_WAY`, `UNIQUEKEY_FLAG`, `UPDATE_FLAG`, `FILTER_FLAG`, `FILLER1`, `FILLER2`, `FILLER3`, `PGUID`, `LIMIT_FLAG`, `BUSINESSKEY_FLAG`, `FIELD_COMMENTS`, `DATA_HASH`) VALUES('2a35c43e614111ebb073005056ba5dec','DKLLCXDJR_DATE','autoConvertDate(${value})','2','1','0','1','0','贷款利率重新定价日',NULL,NULL,'4c7744d98f73475aab42dff117dcbcb3','1','0','贷款利率重新定价日',NULL);
INSERT INTO `gp_bm_id_fielddata` (`GUID`, `FIELD_NAME`, `UMW_EXPRESSION`, `U_DATATYPE`, `UPDATE_WAY`, `UNIQUEKEY_FLAG`, `UPDATE_FLAG`, `FILTER_FLAG`, `FILLER1`, `FILLER2`, `FILLER3`, `PGUID`, `LIMIT_FLAG`, `BUSINESSKEY_FLAG`, `FIELD_COMMENTS`, `DATA_HASH`) VALUES('2a35c476614111ebb073005056ba5dec','DATA_ID','headPatternDataId(${value})','2','1','1','1','0','数据ID',NULL,NULL,'4c7744d98f73475aab42dff117dcbcb3','0','0','数据ID',NULL);
INSERT INTO `gp_bm_id_fielddata` (`GUID`, `FIELD_NAME`, `UMW_EXPRESSION`, `U_DATATYPE`, `UPDATE_WAY`, `UNIQUEKEY_FLAG`, `UPDATE_FLAG`, `FILTER_FLAG`, `FILLER1`, `FILLER2`, `FILLER3`, `PGUID`, `LIMIT_FLAG`, `BUSINESSKEY_FLAG`, `FIELD_COMMENTS`, `DATA_HASH`) VALUES('2a35c4b0614111ebb073005056ba5dec','JZLL','isNumeric(${value})','1','1','0','1','0','基准利率',NULL,NULL,'4c7744d98f73475aab42dff117dcbcb3','1','0','基准利率',NULL);
INSERT INTO `gp_bm_id_fielddata` (`GUID`, `FIELD_NAME`, `UMW_EXPRESSION`, `U_DATATYPE`, `UPDATE_WAY`, `UNIQUEKEY_FLAG`, `UPDATE_FLAG`, `FILTER_FLAG`, `FILLER1`, `FILLER2`, `FILLER3`, `PGUID`, `LIMIT_FLAG`, `BUSINESSKEY_FLAG`, `FIELD_COMMENTS`, `DATA_HASH`) VALUES('2a35c4e6614111ebb073005056ba5dec','ORG_ID','getImportParam(\"dataOrgId\")','2','1','0','1','0','机构ID',NULL,NULL,'4c7744d98f73475aab42dff117dcbcb3','0','0','机构ID',NULL);
INSERT INTO `gp_bm_id_fielddata` (`GUID`, `FIELD_NAME`, `UMW_EXPRESSION`, `U_DATATYPE`, `UPDATE_WAY`, `UNIQUEKEY_FLAG`, `UPDATE_FLAG`, `FILTER_FLAG`, `FILLER1`, `FILLER2`, `FILLER3`, `PGUID`, `LIMIT_FLAG`, `BUSINESSKEY_FLAG`, `FIELD_COMMENTS`, `DATA_HASH`) VALUES('2a35c51c614111ebb073005056ba5dec','DKYT','${value}','2','1','0','1','0','贷款用途',NULL,NULL,'4c7744d98f73475aab42dff117dcbcb3','1','0','贷款用途',NULL);
INSERT INTO `gp_bm_id_fielddata` (`GUID`, `FIELD_NAME`, `UMW_EXPRESSION`, `U_DATATYPE`, `UPDATE_WAY`, `UNIQUEKEY_FLAG`, `UPDATE_FLAG`, `FILTER_FLAG`, `FILLER1`, `FILLER2`, `FILLER3`, `PGUID`, `LIMIT_FLAG`, `BUSINESSKEY_FLAG`, `FIELD_COMMENTS`, `DATA_HASH`) VALUES('2a35c553614111ebb073005056ba5dec','DKDQRQ_DATE','autoConvertDate(${value})','2','1','0','1','0','贷款到期日期',NULL,NULL,'4c7744d98f73475aab42dff117dcbcb3','1','0','贷款到期日期',NULL);
INSERT INTO `gp_bm_id_fielddata` (`GUID`, `FIELD_NAME`, `UMW_EXPRESSION`, `U_DATATYPE`, `UPDATE_WAY`, `UNIQUEKEY_FLAG`, `UPDATE_FLAG`, `FILTER_FLAG`, `FILLER1`, `FILLER2`, `FILLER3`, `PGUID`, `LIMIT_FLAG`, `BUSINESSKEY_FLAG`, `FIELD_COMMENTS`, `DATA_HASH`) VALUES('2a35c58b614111ebb073005056ba5dec','LLSP','isNumeric(${value})','1','1','0','1','0','利率水平',NULL,NULL,'4c7744d98f73475aab42dff117dcbcb3','1','0','利率水平',NULL);
INSERT INTO `gp_bm_id_fielddata` (`GUID`, `FIELD_NAME`, `UMW_EXPRESSION`, `U_DATATYPE`, `UPDATE_WAY`, `UNIQUEKEY_FLAG`, `UPDATE_FLAG`, `FILTER_FLAG`, `FILLER1`, `FILLER2`, `FILLER3`, `PGUID`, `LIMIT_FLAG`, `BUSINESSKEY_FLAG`, `FIELD_COMMENTS`, `DATA_HASH`) VALUES('2a35c5c5614111ebb073005056ba5dec','JKRZJDM','${value}','2','1','0','1','0','借款人证件代码',NULL,NULL,'4c7744d98f73475aab42dff117dcbcb3','1','0','借款人证件代码',NULL);
INSERT INTO `gp_bm_id_fielddata` (`GUID`, `FIELD_NAME`, `UMW_EXPRESSION`, `U_DATATYPE`, `UPDATE_WAY`, `UNIQUEKEY_FLAG`, `UPDATE_FLAG`, `FILTER_FLAG`, `FILLER1`, `FILLER2`, `FILLER3`, `PGUID`, `LIMIT_FLAG`, `BUSINESSKEY_FLAG`, `FIELD_COMMENTS`, `DATA_HASH`) VALUES('2a35c5fc614111ebb073005056ba5dec','DATA_STATUS','fixedValue(${value},\"00\")','2','1','0','1','0','数据状态',NULL,NULL,'4c7744d98f73475aab42dff117dcbcb3','0','0','数据状态',NULL);
INSERT INTO `gp_bm_id_fielddata` (`GUID`, `FIELD_NAME`, `UMW_EXPRESSION`, `U_DATATYPE`, `UPDATE_WAY`, `UNIQUEKEY_FLAG`, `UPDATE_FLAG`, `FILTER_FLAG`, `FILLER1`, `FILLER2`, `FILLER3`, `PGUID`, `LIMIT_FLAG`, `BUSINESSKEY_FLAG`, `FIELD_COMMENTS`, `DATA_HASH`) VALUES('2a35c632614111ebb073005056ba5dec','DATA_FLAG','fixedValue(${value},\"A\")','2','1','0','1','0','操作状态',NULL,NULL,'4c7744d98f73475aab42dff117dcbcb3','0','0','操作状态',NULL);
INSERT INTO `gp_bm_id_fielddata` (`GUID`, `FIELD_NAME`, `UMW_EXPRESSION`, `U_DATATYPE`, `UPDATE_WAY`, `UNIQUEKEY_FLAG`, `UPDATE_FLAG`, `FILTER_FLAG`, `FILLER1`, `FILLER2`, `FILLER3`, `PGUID`, `LIMIT_FLAG`, `BUSINESSKEY_FLAG`, `FIELD_COMMENTS`, `DATA_HASH`) VALUES('2a35c669614111ebb073005056ba5dec','DKDJJZLX','hyphenSplitter(${value})','2','1','0','1','0','贷款定价基准类型',NULL,NULL,'4c7744d98f73475aab42dff117dcbcb3','1','0','贷款定价基准类型',NULL);
INSERT INTO `gp_bm_id_fielddata` (`GUID`, `FIELD_NAME`, `UMW_EXPRESSION`, `U_DATATYPE`, `UPDATE_WAY`, `UNIQUEKEY_FLAG`, `UPDATE_FLAG`, `FILTER_FLAG`, `FILLER1`, `FILLER2`, `FILLER3`, `PGUID`, `LIMIT_FLAG`, `BUSINESSKEY_FLAG`, `FIELD_COMMENTS`, `DATA_HASH`) VALUES('2a35c69f614111ebb073005056ba5dec','DKCPLB','hyphenSplitter(${value})','2','1','0','1','0','贷款产品类别',NULL,NULL,'4c7744d98f73475aab42dff117dcbcb3','1','0','贷款产品类别',NULL);
INSERT INTO `gp_bm_id_fielddata` (`GUID`, `FIELD_NAME`, `UMW_EXPRESSION`, `U_DATATYPE`, `UPDATE_WAY`, `UNIQUEKEY_FLAG`, `UPDATE_FLAG`, `FILTER_FLAG`, `FILLER1`, `FILLER2`, `FILLER3`, `PGUID`, `LIMIT_FLAG`, `BUSINESSKEY_FLAG`, `FIELD_COMMENTS`, `DATA_HASH`) VALUES('2a35c6d5614111ebb073005056ba5dec','DKZT','hyphenSplitter(${value})','2','1','0','1','0','贷款状态',NULL,NULL,'4c7744d98f73475aab42dff117dcbcb3','1','0','贷款状态',NULL);
INSERT INTO `gp_bm_id_fielddata` (`GUID`, `FIELD_NAME`, `UMW_EXPRESSION`, `U_DATATYPE`, `UPDATE_WAY`, `UNIQUEKEY_FLAG`, `UPDATE_FLAG`, `FILTER_FLAG`, `FILLER1`, `FILLER2`, `FILLER3`, `PGUID`, `LIMIT_FLAG`, `BUSINESSKEY_FLAG`, `FIELD_COMMENTS`, `DATA_HASH`) VALUES('2a35c70f614111ebb073005056ba5dec','JRJGDQDM','hyphenSplitter(${value})','2','1','0','1','0','金融机构地区代码',NULL,NULL,'4c7744d98f73475aab42dff117dcbcb3','1','0','金融机构地区代码',NULL);
INSERT INTO `gp_bm_id_fielddata` (`GUID`, `FIELD_NAME`, `UMW_EXPRESSION`, `U_DATATYPE`, `UPDATE_WAY`, `UNIQUEKEY_FLAG`, `UPDATE_FLAG`, `FILTER_FLAG`, `FILLER1`, `FILLER2`, `FILLER3`, `PGUID`, `LIMIT_FLAG`, `BUSINESSKEY_FLAG`, `FIELD_COMMENTS`, `DATA_HASH`) VALUES('2a35c745614111ebb073005056ba5dec','JKRDQDM','hyphenSplitter(${value})','2','1','0','1','0','借款人地区代码',NULL,NULL,'4c7744d98f73475aab42dff117dcbcb3','1','0','借款人地区代码',NULL);
INSERT INTO `gp_bm_id_fielddata` (`GUID`, `FIELD_NAME`, `UMW_EXPRESSION`, `U_DATATYPE`, `UPDATE_WAY`, `UNIQUEKEY_FLAG`, `UPDATE_FLAG`, `FILTER_FLAG`, `FILLER1`, `FILLER2`, `FILLER3`, `PGUID`, `LIMIT_FLAG`, `BUSINESSKEY_FLAG`, `FIELD_COMMENTS`, `DATA_HASH`) VALUES('2a35c77a614111ebb073005056ba5dec','DATA_CRT_USER','fixedValue(${value},\"fileImport\")','2','1','0','1','0','DATA_CRT_USER',NULL,NULL,'4c7744d98f73475aab42dff117dcbcb3','0','0','DATA_CRT_USER',NULL);
INSERT INTO `gp_bm_id_fielddata` (`GUID`, `FIELD_NAME`, `UMW_EXPRESSION`, `U_DATATYPE`, `UPDATE_WAY`, `UNIQUEKEY_FLAG`, `UPDATE_FLAG`, `FILTER_FLAG`, `FILLER1`, `FILLER2`, `FILLER3`, `PGUID`, `LIMIT_FLAG`, `BUSINESSKEY_FLAG`, `FIELD_COMMENTS`, `DATA_HASH`) VALUES('2a35c7ae614111ebb073005056ba5dec','CHECK_FLAG','fixedValue(${value},\"N\")','2','1','0','1','0','校验标识',NULL,NULL,'4c7744d98f73475aab42dff117dcbcb3','0','0','校验标识',NULL);
INSERT INTO `gp_bm_id_fielddata` (`GUID`, `FIELD_NAME`, `UMW_EXPRESSION`, `U_DATATYPE`, `UPDATE_WAY`, `UNIQUEKEY_FLAG`, `UPDATE_FLAG`, `FILTER_FLAG`, `FILLER1`, `FILLER2`, `FILLER3`, `PGUID`, `LIMIT_FLAG`, `BUSINESSKEY_FLAG`, `FIELD_COMMENTS`, `DATA_HASH`) VALUES('2a35c7e5614111ebb073005056ba5dec','DATA_SOURCE','fixedValue(${value},\"2\")','2','1','0','1','0','数据来源',NULL,NULL,'4c7744d98f73475aab42dff117dcbcb3','0','0','数据来源',NULL);
INSERT INTO `gp_bm_id_fielddata` (`GUID`, `FIELD_NAME`, `UMW_EXPRESSION`, `U_DATATYPE`, `UPDATE_WAY`, `UNIQUEKEY_FLAG`, `UPDATE_FLAG`, `FILTER_FLAG`, `FILLER1`, `FILLER2`, `FILLER3`, `PGUID`, `LIMIT_FLAG`, `BUSINESSKEY_FLAG`, `FIELD_COMMENTS`, `DATA_HASH`) VALUES('2a35c81a614111ebb073005056ba5dec','ZCZQHCPDM','${value}','2','1','0','1','0','资产证券化产品代码',NULL,NULL,'4c7744d98f73475aab42dff117dcbcb3','1','0','资产证券化产品代码',NULL);
INSERT INTO `gp_bm_id_fielddata` (`GUID`, `FIELD_NAME`, `UMW_EXPRESSION`, `U_DATATYPE`, `UPDATE_WAY`, `UNIQUEKEY_FLAG`, `UPDATE_FLAG`, `FILTER_FLAG`, `FILLER1`, `FILLER2`, `FILLER3`, `PGUID`, `LIMIT_FLAG`, `BUSINESSKEY_FLAG`, `FIELD_COMMENTS`, `DATA_HASH`) VALUES('2a35c851614111ebb073005056ba5dec','DKCZFS','hyphenSplitter(${value})','2','1','0','1','0','贷款重组方式',NULL,NULL,'4c7744d98f73475aab42dff117dcbcb3','1','0','贷款重组方式',NULL);
INSERT INTO `gp_bm_id_fielddata` (`GUID`, `FIELD_NAME`, `UMW_EXPRESSION`, `U_DATATYPE`, `UPDATE_WAY`, `UNIQUEKEY_FLAG`, `UPDATE_FLAG`, `FILTER_FLAG`, `FILLER1`, `FILLER2`, `FILLER3`, `PGUID`, `LIMIT_FLAG`, `BUSINESSKEY_FLAG`, `FIELD_COMMENTS`, `DATA_HASH`) VALUES('2a35c887614111ebb073005056ba5dec','LLSFGD','hyphenSplitter(${value})','2','1','0','1','0','利率是否固定',NULL,NULL,'4c7744d98f73475aab42dff117dcbcb3','1','0','利率是否固定',NULL);
INSERT INTO `gp_bm_id_fielddata` (`GUID`, `FIELD_NAME`, `UMW_EXPRESSION`, `U_DATATYPE`, `UPDATE_WAY`, `UNIQUEKEY_FLAG`, `UPDATE_FLAG`, `FILTER_FLAG`, `FILLER1`, `FILLER2`, `FILLER3`, `PGUID`, `LIMIT_FLAG`, `BUSINESSKEY_FLAG`, `FIELD_COMMENTS`, `DATA_HASH`) VALUES('2a35c8be614111ebb073005056ba5dec','JYLSH','${value}','2','1','0','1','0','交易流水号',NULL,NULL,'4c7744d98f73475aab42dff117dcbcb3','1','1','交易流水号',NULL);
INSERT INTO `gp_bm_id_fielddata` (`GUID`, `FIELD_NAME`, `UMW_EXPRESSION`, `U_DATATYPE`, `UPDATE_WAY`, `UNIQUEKEY_FLAG`, `UPDATE_FLAG`, `FILTER_FLAG`, `FILLER1`, `FILLER2`, `FILLER3`, `PGUID`, `LIMIT_FLAG`, `BUSINESSKEY_FLAG`, `FIELD_COMMENTS`, `DATA_HASH`) VALUES('2a35c8f3614111ebb073005056ba5dec','SFSCDK','hyphenSplitter(${value})','2','1','0','1','0','是否首次贷款',NULL,NULL,'4c7744d98f73475aab42dff117dcbcb3','1','0','是否首次贷款',NULL);
INSERT INTO `gp_bm_id_fielddata` (`GUID`, `FIELD_NAME`, `UMW_EXPRESSION`, `U_DATATYPE`, `UPDATE_WAY`, `UNIQUEKEY_FLAG`, `UPDATE_FLAG`, `FILTER_FLAG`, `FILLER1`, `FILLER2`, `FILLER3`, `PGUID`, `LIMIT_FLAG`, `BUSINESSKEY_FLAG`, `FIELD_COMMENTS`, `DATA_HASH`) VALUES('2a35c92a614111ebb073005056ba5dec','DKDBFS','hyphenSplitter(${value})','2','1','0','1','0','贷款担保方式',NULL,NULL,'4c7744d98f73475aab42dff117dcbcb3','1','0','贷款担保方式',NULL);
INSERT INTO `gp_bm_id_fielddata` (`GUID`, `FIELD_NAME`, `UMW_EXPRESSION`, `U_DATATYPE`, `UPDATE_WAY`, `UNIQUEKEY_FLAG`, `UPDATE_FLAG`, `FILTER_FLAG`, `FILLER1`, `FILLER2`, `FILLER3`, `PGUID`, `LIMIT_FLAG`, `BUSINESSKEY_FLAG`, `FIELD_COMMENTS`, `DATA_HASH`) VALUES('2a35c95e614111ebb073005056ba5dec','DATA_RPT_DATE','getImportParam(\"dataRptDate\")','2','1','0','1','0','报表日期',NULL,NULL,'4c7744d98f73475aab42dff117dcbcb3',NULL,'0','报表日期',NULL);
INSERT INTO `gp_bm_id_fielddata` (`GUID`, `FIELD_NAME`, `UMW_EXPRESSION`, `U_DATATYPE`, `UPDATE_WAY`, `UNIQUEKEY_FLAG`, `UPDATE_FLAG`, `FILTER_FLAG`, `FILLER1`, `FILLER2`, `FILLER3`, `PGUID`, `LIMIT_FLAG`, `BUSINESSKEY_FLAG`, `FIELD_COMMENTS`, `DATA_HASH`) VALUES('2a35c995614111ebb073005056ba5dec','DATA_CRT_DATE','getSysDate(${value})','2','1','0','1','0','DATA_CRT_DATE',NULL,NULL,'4c7744d98f73475aab42dff117dcbcb3','0','0','DATA_CRT_DATE',NULL);
INSERT INTO `gp_bm_id_fielddata` (`GUID`, `FIELD_NAME`, `UMW_EXPRESSION`, `U_DATATYPE`, `UPDATE_WAY`, `UNIQUEKEY_FLAG`, `UPDATE_FLAG`, `FILTER_FLAG`, `FILLER1`, `FILLER2`, `FILLER3`, `PGUID`, `LIMIT_FLAG`, `BUSINESSKEY_FLAG`, `FIELD_COMMENTS`, `DATA_HASH`) VALUES('2a35c9cb614111ebb073005056ba5dec','BZ','hyphenSplitter(${value})','2','1','0','1','0','币种',NULL,NULL,'4c7744d98f73475aab42dff117dcbcb3','1','0','币种',NULL);
INSERT INTO `gp_bm_id_fielddata` (`GUID`, `FIELD_NAME`, `UMW_EXPRESSION`, `U_DATATYPE`, `UPDATE_WAY`, `UNIQUEKEY_FLAG`, `UPDATE_FLAG`, `FILTER_FLAG`, `FILLER1`, `FILLER2`, `FILLER3`, `PGUID`, `LIMIT_FLAG`, `BUSINESSKEY_FLAG`, `FIELD_COMMENTS`, `DATA_HASH`) VALUES('2a35ca02614111ebb073005056ba5dec','DKFFRQ_DATE','autoConvertDate(${value})','2','1','0','1','0','贷款发放日期',NULL,NULL,'4c7744d98f73475aab42dff117dcbcb3','1','0','贷款发放日期',NULL);
INSERT INTO `gp_bm_id_fielddata` (`GUID`, `FIELD_NAME`, `UMW_EXPRESSION`, `U_DATATYPE`, `UPDATE_WAY`, `UNIQUEKEY_FLAG`, `UPDATE_FLAG`, `FILTER_FLAG`, `FILLER1`, `FILLER2`, `FILLER3`, `PGUID`, `LIMIT_FLAG`, `BUSINESSKEY_FLAG`, `FIELD_COMMENTS`, `DATA_HASH`) VALUES('2a35ca38614111ebb073005056ba5dec','DKCZFCFS','hyphenSplitter(${value})','2','1','0','1','0','贷款财政扶持方式',NULL,NULL,'4c7744d98f73475aab42dff117dcbcb3','1','0','贷款财政扶持方式',NULL);
INSERT INTO `gp_bm_id_fielddata` (`GUID`, `FIELD_NAME`, `UMW_EXPRESSION`, `U_DATATYPE`, `UPDATE_WAY`, `UNIQUEKEY_FLAG`, `UPDATE_FLAG`, `FILTER_FLAG`, `FILLER1`, `FILLER2`, `FILLER3`, `PGUID`, `LIMIT_FLAG`, `BUSINESSKEY_FLAG`, `FIELD_COMMENTS`, `DATA_HASH`) VALUES('2a35ca6e614111ebb073005056ba5dec','JKRZJLX','hyphenSplitter(${value})','2','1','0','1','0','借款人证件类型',NULL,NULL,'4c7744d98f73475aab42dff117dcbcb3','1','0','借款人证件类型',NULL);
INSERT INTO `gp_bm_id_fielddata` (`GUID`, `FIELD_NAME`, `UMW_EXPRESSION`, `U_DATATYPE`, `UPDATE_WAY`, `UNIQUEKEY_FLAG`, `UPDATE_FLAG`, `FILTER_FLAG`, `FILLER1`, `FILLER2`, `FILLER3`, `PGUID`, `LIMIT_FLAG`, `BUSINESSKEY_FLAG`, `FIELD_COMMENTS`, `DATA_HASH`) VALUES('2a35caa2614111ebb073005056ba5dec','DKFSJEZRMB_AMT','isNumeric(${value})','1','1','0','1','0','贷款发生金额折人民币',NULL,NULL,'4c7744d98f73475aab42dff117dcbcb3','1','0','贷款发生金额折人民币',NULL);
INSERT INTO `gp_bm_id_fielddata` (`GUID`, `FIELD_NAME`, `UMW_EXPRESSION`, `U_DATATYPE`, `UPDATE_WAY`, `UNIQUEKEY_FLAG`, `UPDATE_FLAG`, `FILTER_FLAG`, `FILLER1`, `FILLER2`, `FILLER3`, `PGUID`, `LIMIT_FLAG`, `BUSINESSKEY_FLAG`, `FIELD_COMMENTS`, `DATA_HASH`) VALUES('2a35cad7614111ebb073005056ba5dec','NEXT_ACTION','fixedValue(${value},\"00\")','2','1','0','1','0','数据状态',NULL,NULL,'4c7744d98f73475aab42dff117dcbcb3','0','0','数据状态',NULL);
INSERT INTO `gp_bm_id_fielddata` (`GUID`, `FIELD_NAME`, `UMW_EXPRESSION`, `U_DATATYPE`, `UPDATE_WAY`, `UNIQUEKEY_FLAG`, `UPDATE_FLAG`, `FILTER_FLAG`, `FILLER1`, `FILLER2`, `FILLER3`, `PGUID`, `LIMIT_FLAG`, `BUSINESSKEY_FLAG`, `FIELD_COMMENTS`, `DATA_HASH`) VALUES('2a35cb0c614111ebb073005056ba5dec','NBJGH','${value}','2','1','0','1','0','内部机构号',NULL,NULL,'4c7744d98f73475aab42dff117dcbcb3','1','0','内部机构号',NULL);
INSERT INTO `gp_bm_id_fielddata` (`GUID`, `FIELD_NAME`, `UMW_EXPRESSION`, `U_DATATYPE`, `UPDATE_WAY`, `UNIQUEKEY_FLAG`, `UPDATE_FLAG`, `FILTER_FLAG`, `FILLER1`, `FILLER2`, `FILLER3`, `PGUID`, `LIMIT_FLAG`, `BUSINESSKEY_FLAG`, `FIELD_COMMENTS`, `DATA_HASH`) VALUES('2a35cb40614111ebb073005056ba5dec','DKFSJE_AMT','isNumeric(${value})','1','1','0','1','0','贷款发生金额',NULL,NULL,'4c7744d98f73475aab42dff117dcbcb3','1','0','贷款发生金额',NULL);
INSERT INTO `gp_bm_id_fielddata` (`GUID`, `FIELD_NAME`, `UMW_EXPRESSION`, `U_DATATYPE`, `UPDATE_WAY`, `UNIQUEKEY_FLAG`, `UPDATE_FLAG`, `FILTER_FLAG`, `FILLER1`, `FILLER2`, `FILLER3`, `PGUID`, `LIMIT_FLAG`, `BUSINESSKEY_FLAG`, `FIELD_COMMENTS`, `DATA_HASH`) VALUES('e17d0f3766d411ebb073005056ba5dec','RSV1','${value}','2','1','0','1','0','MBS账号',NULL,NULL,'4c7744d98f73475aab42dff117dcbcb3','1','0','MBS账号',NULL);
INSERT INTO `gp_bm_id_fielddata` (`GUID`, `FIELD_NAME`, `UMW_EXPRESSION`, `U_DATATYPE`, `UPDATE_WAY`, `UNIQUEKEY_FLAG`, `UPDATE_FLAG`, `FILTER_FLAG`, `FILLER1`, `FILLER2`, `FILLER3`, `PGUID`, `LIMIT_FLAG`, `BUSINESSKEY_FLAG`, `FIELD_COMMENTS`, `DATA_HASH`) VALUES('e5587c2266d411ebb073005056ba5dec','RSV2','${value}','2','1','0','1','0','MBS联名客户号',NULL,NULL,'4c7744d98f73475aab42dff117dcbcb3','1','0','MBS联名客户号',NULL);



INSERT INTO `gp_bm_id_fielddata` (`GUID`, `FIELD_NAME`, `UMW_EXPRESSION`, `U_DATATYPE`, `UPDATE_WAY`, `UNIQUEKEY_FLAG`, `UPDATE_FLAG`, `FILTER_FLAG`, `FILLER1`, `FILLER2`, `FILLER3`, `PGUID`, `LIMIT_FLAG`, `BUSINESSKEY_FLAG`, `FIELD_COMMENTS`, `DATA_HASH`) VALUES('0027f8a566d511ebb073005056ba5dec','RSV1','${value}','2','1','0','1','0','MBS账号',NULL,NULL,'6cb9920c29604559a6ef3dfb58adc2c9','1','0','MBS账号',NULL);
INSERT INTO `gp_bm_id_fielddata` (`GUID`, `FIELD_NAME`, `UMW_EXPRESSION`, `U_DATATYPE`, `UPDATE_WAY`, `UNIQUEKEY_FLAG`, `UPDATE_FLAG`, `FILTER_FLAG`, `FILLER1`, `FILLER2`, `FILLER3`, `PGUID`, `LIMIT_FLAG`, `BUSINESSKEY_FLAG`, `FIELD_COMMENTS`, `DATA_HASH`) VALUES('044ee6fd66d511ebb073005056ba5dec','RSV2','${value}','2','1','0','1','0','MBS联名客户号',NULL,NULL,'6cb9920c29604559a6ef3dfb58adc2c9','1','0','MBS联名客户号',NULL);
INSERT INTO `gp_bm_id_fielddata` (`GUID`, `FIELD_NAME`, `UMW_EXPRESSION`, `U_DATATYPE`, `UPDATE_WAY`, `UNIQUEKEY_FLAG`, `UPDATE_FLAG`, `FILTER_FLAG`, `FILLER1`, `FILLER2`, `FILLER3`, `PGUID`, `LIMIT_FLAG`, `BUSINESSKEY_FLAG`, `FIELD_COMMENTS`, `DATA_HASH`) VALUES('376e0355614911ebb073005056ba5dec','DKCZFCFS','hyphenSplitter(${value})','2','1','0','1','0','贷款财政扶持方式',NULL,NULL,'6cb9920c29604559a6ef3dfb58adc2c9','1','0','贷款财政扶持方式',NULL);
INSERT INTO `gp_bm_id_fielddata` (`GUID`, `FIELD_NAME`, `UMW_EXPRESSION`, `U_DATATYPE`, `UPDATE_WAY`, `UNIQUEKEY_FLAG`, `UPDATE_FLAG`, `FILTER_FLAG`, `FILLER1`, `FILLER2`, `FILLER3`, `PGUID`, `LIMIT_FLAG`, `BUSINESSKEY_FLAG`, `FIELD_COMMENTS`, `DATA_HASH`) VALUES('376e05d8614911ebb073005056ba5dec','DKLLCXDJR_DATE','autoConvertDate(${value})','2','1','0','1','0','贷款利率重新定价日',NULL,NULL,'6cb9920c29604559a6ef3dfb58adc2c9','1','0','贷款利率重新定价日',NULL);
INSERT INTO `gp_bm_id_fielddata` (`GUID`, `FIELD_NAME`, `UMW_EXPRESSION`, `U_DATATYPE`, `UPDATE_WAY`, `UNIQUEKEY_FLAG`, `UPDATE_FLAG`, `FILTER_FLAG`, `FILLER1`, `FILLER2`, `FILLER3`, `PGUID`, `LIMIT_FLAG`, `BUSINESSKEY_FLAG`, `FIELD_COMMENTS`, `DATA_HASH`) VALUES('376e0654614911ebb073005056ba5dec','DKDJJZLX','hyphenSplitter(${value})','2','1','0','1','0','贷款定价基准类型',NULL,NULL,'6cb9920c29604559a6ef3dfb58adc2c9','1','0','贷款定价基准类型',NULL);
INSERT INTO `gp_bm_id_fielddata` (`GUID`, `FIELD_NAME`, `UMW_EXPRESSION`, `U_DATATYPE`, `UPDATE_WAY`, `UNIQUEKEY_FLAG`, `UPDATE_FLAG`, `FILTER_FLAG`, `FILLER1`, `FILLER2`, `FILLER3`, `PGUID`, `LIMIT_FLAG`, `BUSINESSKEY_FLAG`, `FIELD_COMMENTS`, `DATA_HASH`) VALUES('376e06ae614911ebb073005056ba5dec','DKDBFS','hyphenSplitter(${value})','2','1','0','1','0','贷款担保方式',NULL,NULL,'6cb9920c29604559a6ef3dfb58adc2c9','1','0','贷款担保方式',NULL);
INSERT INTO `gp_bm_id_fielddata` (`GUID`, `FIELD_NAME`, `UMW_EXPRESSION`, `U_DATATYPE`, `UPDATE_WAY`, `UNIQUEKEY_FLAG`, `UPDATE_FLAG`, `FILTER_FLAG`, `FILLER1`, `FILLER2`, `FILLER3`, `PGUID`, `LIMIT_FLAG`, `BUSINESSKEY_FLAG`, `FIELD_COMMENTS`, `DATA_HASH`) VALUES('376e0706614911ebb073005056ba5dec','CHECK_FLAG','fixedValue(${value},\"N\")','2','1','0','1','0','校验标识',NULL,NULL,'6cb9920c29604559a6ef3dfb58adc2c9','0','0','校验标识',NULL);
INSERT INTO `gp_bm_id_fielddata` (`GUID`, `FIELD_NAME`, `UMW_EXPRESSION`, `U_DATATYPE`, `UPDATE_WAY`, `UNIQUEKEY_FLAG`, `UPDATE_FLAG`, `FILTER_FLAG`, `FILLER1`, `FILLER2`, `FILLER3`, `PGUID`, `LIMIT_FLAG`, `BUSINESSKEY_FLAG`, `FIELD_COMMENTS`, `DATA_HASH`) VALUES('376e075b614911ebb073005056ba5dec','DATA_RPT_DATE','getImportParam(\"dataRptDate\")','2','1','0','1','0','报表日期',NULL,NULL,'6cb9920c29604559a6ef3dfb58adc2c9',NULL,'0','报表日期',NULL);
INSERT INTO `gp_bm_id_fielddata` (`GUID`, `FIELD_NAME`, `UMW_EXPRESSION`, `U_DATATYPE`, `UPDATE_WAY`, `UNIQUEKEY_FLAG`, `UPDATE_FLAG`, `FILTER_FLAG`, `FILLER1`, `FILLER2`, `FILLER3`, `PGUID`, `LIMIT_FLAG`, `BUSINESSKEY_FLAG`, `FIELD_COMMENTS`, `DATA_HASH`) VALUES('376e07ae614911ebb073005056ba5dec','DKJJBM','${value}','2','1','0','1','0','贷款借据编码',NULL,NULL,'6cb9920c29604559a6ef3dfb58adc2c9','1','1','贷款借据编码',NULL);
INSERT INTO `gp_bm_id_fielddata` (`GUID`, `FIELD_NAME`, `UMW_EXPRESSION`, `U_DATATYPE`, `UPDATE_WAY`, `UNIQUEKEY_FLAG`, `UPDATE_FLAG`, `FILTER_FLAG`, `FILLER1`, `FILLER2`, `FILLER3`, `PGUID`, `LIMIT_FLAG`, `BUSINESSKEY_FLAG`, `FIELD_COMMENTS`, `DATA_HASH`) VALUES('376e07fe614911ebb073005056ba5dec','YQLX','hyphenSplitter(${value})','2','1','0','1','0','逾期类型',NULL,NULL,'6cb9920c29604559a6ef3dfb58adc2c9','1','0','逾期类型',NULL);
INSERT INTO `gp_bm_id_fielddata` (`GUID`, `FIELD_NAME`, `UMW_EXPRESSION`, `U_DATATYPE`, `UPDATE_WAY`, `UNIQUEKEY_FLAG`, `UPDATE_FLAG`, `FILTER_FLAG`, `FILLER1`, `FILLER2`, `FILLER3`, `PGUID`, `LIMIT_FLAG`, `BUSINESSKEY_FLAG`, `FIELD_COMMENTS`, `DATA_HASH`) VALUES('376e084d614911ebb073005056ba5dec','JZLL','isNumeric(${value})','1','1','0','1','0','基准利率',NULL,NULL,'6cb9920c29604559a6ef3dfb58adc2c9','1','0','基准利率',NULL);
INSERT INTO `gp_bm_id_fielddata` (`GUID`, `FIELD_NAME`, `UMW_EXPRESSION`, `U_DATATYPE`, `UPDATE_WAY`, `UNIQUEKEY_FLAG`, `UPDATE_FLAG`, `FILTER_FLAG`, `FILLER1`, `FILLER2`, `FILLER3`, `PGUID`, `LIMIT_FLAG`, `BUSINESSKEY_FLAG`, `FIELD_COMMENTS`, `DATA_HASH`) VALUES('376e089c614911ebb073005056ba5dec','DATA_CRT_TIME','getSysTime(${value})','2','1','0','1','0','DATA_CRT_TIME',NULL,NULL,'6cb9920c29604559a6ef3dfb58adc2c9','0','0','DATA_CRT_TIME',NULL);
INSERT INTO `gp_bm_id_fielddata` (`GUID`, `FIELD_NAME`, `UMW_EXPRESSION`, `U_DATATYPE`, `UPDATE_WAY`, `UNIQUEKEY_FLAG`, `UPDATE_FLAG`, `FILTER_FLAG`, `FILLER1`, `FILLER2`, `FILLER3`, `PGUID`, `LIMIT_FLAG`, `BUSINESSKEY_FLAG`, `FIELD_COMMENTS`, `DATA_HASH`) VALUES('376e08eb614911ebb073005056ba5dec','DKZT','hyphenSplitter(${value})','2','1','0','1','0','贷款状态',NULL,NULL,'6cb9920c29604559a6ef3dfb58adc2c9','1','0','贷款状态',NULL);
INSERT INTO `gp_bm_id_fielddata` (`GUID`, `FIELD_NAME`, `UMW_EXPRESSION`, `U_DATATYPE`, `UPDATE_WAY`, `UNIQUEKEY_FLAG`, `UPDATE_FLAG`, `FILTER_FLAG`, `FILLER1`, `FILLER2`, `FILLER3`, `PGUID`, `LIMIT_FLAG`, `BUSINESSKEY_FLAG`, `FIELD_COMMENTS`, `DATA_HASH`) VALUES('376e093c614911ebb073005056ba5dec','GROUP_ID','getImportParam(\"dataGroupId\")','2','1','0','1','0','业务条线',NULL,NULL,'6cb9920c29604559a6ef3dfb58adc2c9','0','0','业务条线',NULL);
INSERT INTO `gp_bm_id_fielddata` (`GUID`, `FIELD_NAME`, `UMW_EXPRESSION`, `U_DATATYPE`, `UPDATE_WAY`, `UNIQUEKEY_FLAG`, `UPDATE_FLAG`, `FILTER_FLAG`, `FILLER1`, `FILLER2`, `FILLER3`, `PGUID`, `LIMIT_FLAG`, `BUSINESSKEY_FLAG`, `FIELD_COMMENTS`, `DATA_HASH`) VALUES('376e0996614911ebb073005056ba5dec','DKZQDQRQ_DATE','autoConvertDate(${value})','2','1','0','1','0','贷款展期到期日期',NULL,NULL,'6cb9920c29604559a6ef3dfb58adc2c9','1','0','贷款展期到期日期',NULL);
INSERT INTO `gp_bm_id_fielddata` (`GUID`, `FIELD_NAME`, `UMW_EXPRESSION`, `U_DATATYPE`, `UPDATE_WAY`, `UNIQUEKEY_FLAG`, `UPDATE_FLAG`, `FILTER_FLAG`, `FILLER1`, `FILLER2`, `FILLER3`, `PGUID`, `LIMIT_FLAG`, `BUSINESSKEY_FLAG`, `FIELD_COMMENTS`, `DATA_HASH`) VALUES('376e09e3614911ebb073005056ba5dec','BZ','hyphenSplitter(${value})','2','1','0','1','0','币种',NULL,NULL,'6cb9920c29604559a6ef3dfb58adc2c9','1','0','币种',NULL);
INSERT INTO `gp_bm_id_fielddata` (`GUID`, `FIELD_NAME`, `UMW_EXPRESSION`, `U_DATATYPE`, `UPDATE_WAY`, `UNIQUEKEY_FLAG`, `UPDATE_FLAG`, `FILTER_FLAG`, `FILLER1`, `FILLER2`, `FILLER3`, `PGUID`, `LIMIT_FLAG`, `BUSINESSKEY_FLAG`, `FIELD_COMMENTS`, `DATA_HASH`) VALUES('376e0a34614911ebb073005056ba5dec','JRJGDQDM','hyphenSplitter(${value})','2','1','0','1','0','金融机构地区代码',NULL,NULL,'6cb9920c29604559a6ef3dfb58adc2c9','1','0','金融机构地区代码',NULL);
INSERT INTO `gp_bm_id_fielddata` (`GUID`, `FIELD_NAME`, `UMW_EXPRESSION`, `U_DATATYPE`, `UPDATE_WAY`, `UNIQUEKEY_FLAG`, `UPDATE_FLAG`, `FILTER_FLAG`, `FILLER1`, `FILLER2`, `FILLER3`, `PGUID`, `LIMIT_FLAG`, `BUSINESSKEY_FLAG`, `FIELD_COMMENTS`, `DATA_HASH`) VALUES('376e0a83614911ebb073005056ba5dec','LLSP','isNumeric(${value})','1','1','0','1','0','利率水平',NULL,NULL,'6cb9920c29604559a6ef3dfb58adc2c9','1','0','利率水平',NULL);
INSERT INTO `gp_bm_id_fielddata` (`GUID`, `FIELD_NAME`, `UMW_EXPRESSION`, `U_DATATYPE`, `UPDATE_WAY`, `UNIQUEKEY_FLAG`, `UPDATE_FLAG`, `FILTER_FLAG`, `FILLER1`, `FILLER2`, `FILLER3`, `PGUID`, `LIMIT_FLAG`, `BUSINESSKEY_FLAG`, `FIELD_COMMENTS`, `DATA_HASH`) VALUES('376e0ad4614911ebb073005056ba5dec','DATA_CRT_DATE','getSysDate(${value})','2','1','0','1','0','DATA_CRT_DATE',NULL,NULL,'6cb9920c29604559a6ef3dfb58adc2c9','0','0','DATA_CRT_DATE',NULL);
INSERT INTO `gp_bm_id_fielddata` (`GUID`, `FIELD_NAME`, `UMW_EXPRESSION`, `U_DATATYPE`, `UPDATE_WAY`, `UNIQUEKEY_FLAG`, `UPDATE_FLAG`, `FILTER_FLAG`, `FILLER1`, `FILLER2`, `FILLER3`, `PGUID`, `LIMIT_FLAG`, `BUSINESSKEY_FLAG`, `FIELD_COMMENTS`, `DATA_HASH`) VALUES('376e0b22614911ebb073005056ba5dec','JRJGDM','${value}','2','1','0','1','0','金融机构代码',NULL,NULL,'6cb9920c29604559a6ef3dfb58adc2c9','1','1','金融机构代码',NULL);
INSERT INTO `gp_bm_id_fielddata` (`GUID`, `FIELD_NAME`, `UMW_EXPRESSION`, `U_DATATYPE`, `UPDATE_WAY`, `UNIQUEKEY_FLAG`, `UPDATE_FLAG`, `FILTER_FLAG`, `FILLER1`, `FILLER2`, `FILLER3`, `PGUID`, `LIMIT_FLAG`, `BUSINESSKEY_FLAG`, `FIELD_COMMENTS`, `DATA_HASH`) VALUES('376e0b71614911ebb073005056ba5dec','LLSFGD','hyphenSplitter(${value})','2','1','0','1','0','利率是否固定',NULL,NULL,'6cb9920c29604559a6ef3dfb58adc2c9','1','0','利率是否固定',NULL);
INSERT INTO `gp_bm_id_fielddata` (`GUID`, `FIELD_NAME`, `UMW_EXPRESSION`, `U_DATATYPE`, `UPDATE_WAY`, `UNIQUEKEY_FLAG`, `UPDATE_FLAG`, `FILTER_FLAG`, `FILLER1`, `FILLER2`, `FILLER3`, `PGUID`, `LIMIT_FLAG`, `BUSINESSKEY_FLAG`, `FIELD_COMMENTS`, `DATA_HASH`) VALUES('376e0bbe614911ebb073005056ba5dec','DATA_STATUS','fixedValue(${value},\"00\")','2','1','0','1','0','数据状态',NULL,NULL,'6cb9920c29604559a6ef3dfb58adc2c9','0','0','数据状态',NULL);
INSERT INTO `gp_bm_id_fielddata` (`GUID`, `FIELD_NAME`, `UMW_EXPRESSION`, `U_DATATYPE`, `UPDATE_WAY`, `UNIQUEKEY_FLAG`, `UPDATE_FLAG`, `FILTER_FLAG`, `FILLER1`, `FILLER2`, `FILLER3`, `PGUID`, `LIMIT_FLAG`, `BUSINESSKEY_FLAG`, `FIELD_COMMENTS`, `DATA_HASH`) VALUES('376e0c0e614911ebb073005056ba5dec','DKYT','${value}','2','1','0','1','0','贷款用途',NULL,NULL,'6cb9920c29604559a6ef3dfb58adc2c9','1','0','贷款用途',NULL);
INSERT INTO `gp_bm_id_fielddata` (`GUID`, `FIELD_NAME`, `UMW_EXPRESSION`, `U_DATATYPE`, `UPDATE_WAY`, `UNIQUEKEY_FLAG`, `UPDATE_FLAG`, `FILTER_FLAG`, `FILLER1`, `FILLER2`, `FILLER3`, `PGUID`, `LIMIT_FLAG`, `BUSINESSKEY_FLAG`, `FIELD_COMMENTS`, `DATA_HASH`) VALUES('376e0c5c614911ebb073005056ba5dec','DATA_CRT_USER','fixedValue(${value},\"fileImport\")','2','1','0','1','0','DATA_CRT_USER',NULL,NULL,'6cb9920c29604559a6ef3dfb58adc2c9','0','0','DATA_CRT_USER',NULL);
INSERT INTO `gp_bm_id_fielddata` (`GUID`, `FIELD_NAME`, `UMW_EXPRESSION`, `U_DATATYPE`, `UPDATE_WAY`, `UNIQUEKEY_FLAG`, `UPDATE_FLAG`, `FILTER_FLAG`, `FILLER1`, `FILLER2`, `FILLER3`, `PGUID`, `LIMIT_FLAG`, `BUSINESSKEY_FLAG`, `FIELD_COMMENTS`, `DATA_HASH`) VALUES('376e0cab614911ebb073005056ba5dec','NEXT_ACTION','fixedValue(${value},\"00\")','2','1','0','1','0','数据状态',NULL,NULL,'6cb9920c29604559a6ef3dfb58adc2c9','0','0','数据状态',NULL);
INSERT INTO `gp_bm_id_fielddata` (`GUID`, `FIELD_NAME`, `UMW_EXPRESSION`, `U_DATATYPE`, `UPDATE_WAY`, `UNIQUEKEY_FLAG`, `UPDATE_FLAG`, `FILTER_FLAG`, `FILLER1`, `FILLER2`, `FILLER3`, `PGUID`, `LIMIT_FLAG`, `BUSINESSKEY_FLAG`, `FIELD_COMMENTS`, `DATA_HASH`) VALUES('376e0cf9614911ebb073005056ba5dec','ORG_ID','getImportParam(\"dataOrgId\")','2','1','0','1','0','机构ID',NULL,NULL,'6cb9920c29604559a6ef3dfb58adc2c9','0','0','机构ID',NULL);
INSERT INTO `gp_bm_id_fielddata` (`GUID`, `FIELD_NAME`, `UMW_EXPRESSION`, `U_DATATYPE`, `UPDATE_WAY`, `UNIQUEKEY_FLAG`, `UPDATE_FLAG`, `FILTER_FLAG`, `FILLER1`, `FILLER2`, `FILLER3`, `PGUID`, `LIMIT_FLAG`, `BUSINESSKEY_FLAG`, `FIELD_COMMENTS`, `DATA_HASH`) VALUES('376e0d47614911ebb073005056ba5dec','DKHTBM','${value}','2','1','0','1','0','贷款合同编码',NULL,NULL,'6cb9920c29604559a6ef3dfb58adc2c9','1','0','贷款合同编码',NULL);
INSERT INTO `gp_bm_id_fielddata` (`GUID`, `FIELD_NAME`, `UMW_EXPRESSION`, `U_DATATYPE`, `UPDATE_WAY`, `UNIQUEKEY_FLAG`, `UPDATE_FLAG`, `FILTER_FLAG`, `FILLER1`, `FILLER2`, `FILLER3`, `PGUID`, `LIMIT_FLAG`, `BUSINESSKEY_FLAG`, `FIELD_COMMENTS`, `DATA_HASH`) VALUES('376e0d94614911ebb073005056ba5dec','JKRDQDM','hyphenSplitter(${value})','2','1','0','1','0','借款人地区代码',NULL,NULL,'6cb9920c29604559a6ef3dfb58adc2c9','1','0','借款人地区代码',NULL);
INSERT INTO `gp_bm_id_fielddata` (`GUID`, `FIELD_NAME`, `UMW_EXPRESSION`, `U_DATATYPE`, `UPDATE_WAY`, `UNIQUEKEY_FLAG`, `UPDATE_FLAG`, `FILTER_FLAG`, `FILLER1`, `FILLER2`, `FILLER3`, `PGUID`, `LIMIT_FLAG`, `BUSINESSKEY_FLAG`, `FIELD_COMMENTS`, `DATA_HASH`) VALUES('376e0de0614911ebb073005056ba5dec','DATA_ID','headPatternDataId(${value})','2','1','1','1','0','数据ID',NULL,NULL,'6cb9920c29604559a6ef3dfb58adc2c9','0','0','数据ID',NULL);
INSERT INTO `gp_bm_id_fielddata` (`GUID`, `FIELD_NAME`, `UMW_EXPRESSION`, `U_DATATYPE`, `UPDATE_WAY`, `UNIQUEKEY_FLAG`, `UPDATE_FLAG`, `FILTER_FLAG`, `FILLER1`, `FILLER2`, `FILLER3`, `PGUID`, `LIMIT_FLAG`, `BUSINESSKEY_FLAG`, `FIELD_COMMENTS`, `DATA_HASH`) VALUES('376e0e2f614911ebb073005056ba5dec','DKDQRQ_DATE','autoConvertDate(${value})','2','1','0','1','0','贷款到期日期',NULL,NULL,'6cb9920c29604559a6ef3dfb58adc2c9','1','0','贷款到期日期',NULL);
INSERT INTO `gp_bm_id_fielddata` (`GUID`, `FIELD_NAME`, `UMW_EXPRESSION`, `U_DATATYPE`, `UPDATE_WAY`, `UNIQUEKEY_FLAG`, `UPDATE_FLAG`, `FILTER_FLAG`, `FILLER1`, `FILLER2`, `FILLER3`, `PGUID`, `LIMIT_FLAG`, `BUSINESSKEY_FLAG`, `FIELD_COMMENTS`, `DATA_HASH`) VALUES('376e0e7c614911ebb073005056ba5dec','NBJGH','${value}','2','1','0','1','0','内部机构号',NULL,NULL,'6cb9920c29604559a6ef3dfb58adc2c9','1','0','内部机构号',NULL);
INSERT INTO `gp_bm_id_fielddata` (`GUID`, `FIELD_NAME`, `UMW_EXPRESSION`, `U_DATATYPE`, `UPDATE_WAY`, `UNIQUEKEY_FLAG`, `UPDATE_FLAG`, `FILTER_FLAG`, `FILLER1`, `FILLER2`, `FILLER3`, `PGUID`, `LIMIT_FLAG`, `BUSINESSKEY_FLAG`, `FIELD_COMMENTS`, `DATA_HASH`) VALUES('376e0eca614911ebb073005056ba5dec','JKRZJDM','${value}','2','1','0','1','0','借款人证件代码',NULL,NULL,'6cb9920c29604559a6ef3dfb58adc2c9','1','0','借款人证件代码',NULL);
INSERT INTO `gp_bm_id_fielddata` (`GUID`, `FIELD_NAME`, `UMW_EXPRESSION`, `U_DATATYPE`, `UPDATE_WAY`, `UNIQUEKEY_FLAG`, `UPDATE_FLAG`, `FILTER_FLAG`, `FILLER1`, `FILLER2`, `FILLER3`, `PGUID`, `LIMIT_FLAG`, `BUSINESSKEY_FLAG`, `FIELD_COMMENTS`, `DATA_HASH`) VALUES('376e0f16614911ebb073005056ba5dec','DKYE_AMT','isNumeric(${value})','1','1','0','1','0','贷款余额',NULL,NULL,'6cb9920c29604559a6ef3dfb58adc2c9','1','0','贷款余额',NULL);
INSERT INTO `gp_bm_id_fielddata` (`GUID`, `FIELD_NAME`, `UMW_EXPRESSION`, `U_DATATYPE`, `UPDATE_WAY`, `UNIQUEKEY_FLAG`, `UPDATE_FLAG`, `FILTER_FLAG`, `FILLER1`, `FILLER2`, `FILLER3`, `PGUID`, `LIMIT_FLAG`, `BUSINESSKEY_FLAG`, `FIELD_COMMENTS`, `DATA_HASH`) VALUES('376e0f65614911ebb073005056ba5dec','DKCPLB','hyphenSplitter(${value})','2','1','0','1','0','贷款产品类别',NULL,NULL,'6cb9920c29604559a6ef3dfb58adc2c9','1','0','贷款产品类别',NULL);
INSERT INTO `gp_bm_id_fielddata` (`GUID`, `FIELD_NAME`, `UMW_EXPRESSION`, `U_DATATYPE`, `UPDATE_WAY`, `UNIQUEKEY_FLAG`, `UPDATE_FLAG`, `FILTER_FLAG`, `FILLER1`, `FILLER2`, `FILLER3`, `PGUID`, `LIMIT_FLAG`, `BUSINESSKEY_FLAG`, `FIELD_COMMENTS`, `DATA_HASH`) VALUES('376e0fb2614911ebb073005056ba5dec','DATA_SOURCE','fixedValue(${value},\"2\")','2','1','0','1','0','数据来源',NULL,NULL,'6cb9920c29604559a6ef3dfb58adc2c9','0','0','数据来源',NULL);
INSERT INTO `gp_bm_id_fielddata` (`GUID`, `FIELD_NAME`, `UMW_EXPRESSION`, `U_DATATYPE`, `UPDATE_WAY`, `UNIQUEKEY_FLAG`, `UPDATE_FLAG`, `FILTER_FLAG`, `FILLER1`, `FILLER2`, `FILLER3`, `PGUID`, `LIMIT_FLAG`, `BUSINESSKEY_FLAG`, `FIELD_COMMENTS`, `DATA_HASH`) VALUES('376e1000614911ebb073005056ba5dec','DATA_FLAG','fixedValue(${value},\"A\")','2','1','0','1','0','操作状态',NULL,NULL,'6cb9920c29604559a6ef3dfb58adc2c9','0','0','操作状态',NULL);
INSERT INTO `gp_bm_id_fielddata` (`GUID`, `FIELD_NAME`, `UMW_EXPRESSION`, `U_DATATYPE`, `UPDATE_WAY`, `UNIQUEKEY_FLAG`, `UPDATE_FLAG`, `FILTER_FLAG`, `FILLER1`, `FILLER2`, `FILLER3`, `PGUID`, `LIMIT_FLAG`, `BUSINESSKEY_FLAG`, `FIELD_COMMENTS`, `DATA_HASH`) VALUES('376e104e614911ebb073005056ba5dec','DKFFRQ_DATE','autoConvertDate(${value})','2','1','0','1','0','贷款发放日期',NULL,NULL,'6cb9920c29604559a6ef3dfb58adc2c9','1','0','贷款发放日期',NULL);
INSERT INTO `gp_bm_id_fielddata` (`GUID`, `FIELD_NAME`, `UMW_EXPRESSION`, `U_DATATYPE`, `UPDATE_WAY`, `UNIQUEKEY_FLAG`, `UPDATE_FLAG`, `FILTER_FLAG`, `FILLER1`, `FILLER2`, `FILLER3`, `PGUID`, `LIMIT_FLAG`, `BUSINESSKEY_FLAG`, `FIELD_COMMENTS`, `DATA_HASH`) VALUES('376e109b614911ebb073005056ba5dec','DKYEZRMB_AMT','isNumeric(${value})','1','1','0','1','0','贷款余额折人民币',NULL,NULL,'6cb9920c29604559a6ef3dfb58adc2c9','1','0','贷款余额折人民币',NULL);
INSERT INTO `gp_bm_id_fielddata` (`GUID`, `FIELD_NAME`, `UMW_EXPRESSION`, `U_DATATYPE`, `UPDATE_WAY`, `UNIQUEKEY_FLAG`, `UPDATE_FLAG`, `FILTER_FLAG`, `FILLER1`, `FILLER2`, `FILLER3`, `PGUID`, `LIMIT_FLAG`, `BUSINESSKEY_FLAG`, `FIELD_COMMENTS`, `DATA_HASH`) VALUES('376e10e9614911ebb073005056ba5dec','JKRZJLX','hyphenSplitter(${value})','2','1','0','1','0','借款人证件类型',NULL,NULL,'6cb9920c29604559a6ef3dfb58adc2c9','1','0','借款人证件类型',NULL);
INSERT INTO `gp_bm_id_fielddata` (`GUID`, `FIELD_NAME`, `UMW_EXPRESSION`, `U_DATATYPE`, `UPDATE_WAY`, `UNIQUEKEY_FLAG`, `UPDATE_FLAG`, `FILTER_FLAG`, `FILLER1`, `FILLER2`, `FILLER3`, `PGUID`, `LIMIT_FLAG`, `BUSINESSKEY_FLAG`, `FIELD_COMMENTS`, `DATA_HASH`) VALUES('376e1135614911ebb073005056ba5dec','SFSCDK','hyphenSplitter(${value})','2','1','0','1','0','是否首次贷款',NULL,NULL,'6cb9920c29604559a6ef3dfb58adc2c9','1','0','是否首次贷款',NULL);
INSERT INTO `gp_bm_id_fielddata` (`GUID`, `FIELD_NAME`, `UMW_EXPRESSION`, `U_DATATYPE`, `UPDATE_WAY`, `UNIQUEKEY_FLAG`, `UPDATE_FLAG`, `FILTER_FLAG`, `FILLER1`, `FILLER2`, `FILLER3`, `PGUID`, `LIMIT_FLAG`, `BUSINESSKEY_FLAG`, `FIELD_COMMENTS`, `DATA_HASH`) VALUES('376e1180614911ebb073005056ba5dec','DKZL','hyphenSplitter(${value})','2','1','0','1','0','贷款质量',NULL,NULL,'6cb9920c29604559a6ef3dfb58adc2c9','1','0','贷款质量',NULL);
INSERT INTO `gp_bm_id_fielddata` (`GUID`, `FIELD_NAME`, `UMW_EXPRESSION`, `U_DATATYPE`, `UPDATE_WAY`, `UNIQUEKEY_FLAG`, `UPDATE_FLAG`, `FILTER_FLAG`, `FILLER1`, `FILLER2`, `FILLER3`, `PGUID`, `LIMIT_FLAG`, `BUSINESSKEY_FLAG`, `FIELD_COMMENTS`, `DATA_HASH`) VALUES('376e11cb614911ebb073005056ba5dec','DATA_VERSION','fixedValue(${value},\"0\")','1','1','0','1','0','数据版本',NULL,NULL,'6cb9920c29604559a6ef3dfb58adc2c9','0','0','数据版本',NULL);


INSERT INTO `gp_bm_id_fielddata` (`GUID`, `FIELD_NAME`, `UMW_EXPRESSION`, `U_DATATYPE`, `UPDATE_WAY`, `UNIQUEKEY_FLAG`, `UPDATE_FLAG`, `FILTER_FLAG`, `FILLER1`, `FILLER2`, `FILLER3`, `PGUID`, `LIMIT_FLAG`, `BUSINESSKEY_FLAG`, `FIELD_COMMENTS`, `DATA_HASH`) VALUES('439e3ba366b811ebb073005056ba5dec','RSV1','${value}','2','1','0','1','0','MBS账号',NULL,NULL,'642b235f60ce4f69a1127a46832029ba','1','0','MBS账号',NULL);
INSERT INTO `gp_bm_id_fielddata` (`GUID`, `FIELD_NAME`, `UMW_EXPRESSION`, `U_DATATYPE`, `UPDATE_WAY`, `UNIQUEKEY_FLAG`, `UPDATE_FLAG`, `FILTER_FLAG`, `FILLER1`, `FILLER2`, `FILLER3`, `PGUID`, `LIMIT_FLAG`, `BUSINESSKEY_FLAG`, `FIELD_COMMENTS`, `DATA_HASH`) VALUES('568c54f08a7840ce97fea03a88666666','RSV3','${value}','2','1','0','1','0','客户编号',NULL,NULL,'642b235f60ce4f69a1127a46832029ba','1','0','客户编号',NULL);
INSERT INTO `gp_bm_id_fielddata` (`GUID`, `FIELD_NAME`, `UMW_EXPRESSION`, `U_DATATYPE`, `UPDATE_WAY`, `UNIQUEKEY_FLAG`, `UPDATE_FLAG`, `FILTER_FLAG`, `FILLER1`, `FILLER2`, `FILLER3`, `PGUID`, `LIMIT_FLAG`, `BUSINESSKEY_FLAG`, `FIELD_COMMENTS`, `DATA_HASH`) VALUES('691eefc766b811ebb073005056ba5dec','RSV2','${value}','2','1','0','1','0','MBS联名客户号',NULL,NULL,'642b235f60ce4f69a1127a46832029ba','1','0','MBS联名客户号',NULL);

INSERT INTO `gp_bm_id_fielddata` (`GUID`, `FIELD_NAME`, `UMW_EXPRESSION`, `U_DATATYPE`, `UPDATE_WAY`, `UNIQUEKEY_FLAG`, `UPDATE_FLAG`, `FILTER_FLAG`, `FILLER1`, `FILLER2`, `FILLER3`, `PGUID`, `LIMIT_FLAG`, `BUSINESSKEY_FLAG`, `FIELD_COMMENTS`, `DATA_HASH`) VALUES('71c5e0d966b811ebb073005056ba5dec','RSV1','${value}','2','1','0','1','0','MBS账号',NULL,NULL,'8091b4a41a2a4568ade464f46f33cf50','1','0','MBS账号',NULL);
INSERT INTO `gp_bm_id_fielddata` (`GUID`, `FIELD_NAME`, `UMW_EXPRESSION`, `U_DATATYPE`, `UPDATE_WAY`, `UNIQUEKEY_FLAG`, `UPDATE_FLAG`, `FILTER_FLAG`, `FILLER1`, `FILLER2`, `FILLER3`, `PGUID`, `LIMIT_FLAG`, `BUSINESSKEY_FLAG`, `FIELD_COMMENTS`, `DATA_HASH`) VALUES('78bee41666b811ebb073005056ba5dec','RSV2','${value}','2','1','0','1','0','MBS联名客户号',NULL,NULL,'8091b4a41a2a4568ade464f46f33cf50','1','0','MBS联名客户号',NULL);
INSERT INTO `gp_bm_id_fielddata` (`GUID`, `FIELD_NAME`, `UMW_EXPRESSION`, `U_DATATYPE`, `UPDATE_WAY`, `UNIQUEKEY_FLAG`, `UPDATE_FLAG`, `FILTER_FLAG`, `FILLER1`, `FILLER2`, `FILLER3`, `PGUID`, `LIMIT_FLAG`, `BUSINESSKEY_FLAG`, `FIELD_COMMENTS`, `DATA_HASH`) VALUES('c61393c7297f46db9f89fa7a7a666666','RSV3','${value}','2','1','0','1','0','客户编号',NULL,NULL,'8091b4a41a2a4568ade464f46f33cf50','1','0','客户编号',NULL);



INSERT INTO `gp_bm_template_export` (`DATA_ID`, `FUNCID`, `FUNC_NAME`, `TABLE_NAME`, `TABLE_COMMENTS`, `COLUMN_NAME`, `COLUMN_COMMENTS`, `IS_NEED`, `SEQ_NO`, `NUM`, `IS_RELATION`, `GUID`, `HAS_SQL`, `RSV1`, `RSV2`, `RSV3`, `RSV4`, `RSV5`, `TSK_MESSAGE`) VALUES('65e3e1adf02842bba5e7cc9fd88a908b','gfdr_00010801','个人贷款发生额信息补录','GFDR_PM_GRDKFS','个人贷款发生额信息','RSV3','客户编号','Y','33','33','Y','642b235f60ce4f69a1127a46832029ba','N',NULL,NULL,NULL,NULL,NULL,NULL);
INSERT INTO `gp_bm_template_export` (`DATA_ID`, `FUNCID`, `FUNC_NAME`, `TABLE_NAME`, `TABLE_COMMENTS`, `COLUMN_NAME`, `COLUMN_COMMENTS`, `IS_NEED`, `SEQ_NO`, `NUM`, `IS_RELATION`, `GUID`, `HAS_SQL`, `RSV1`, `RSV2`, `RSV3`, `RSV4`, `RSV5`, `TSK_MESSAGE`) VALUES('bd3f4d8c8aa54d168645563adcb8d956','gfdr_00010701','存量个人贷款信息补录','GFDR_PM_CLGRDK','存量个人贷款信息','RSV3','客户编号','Y','31','31','Y','8091b4a41a2a4568ade464f46f33cf50','N',NULL,NULL,NULL,NULL,NULL,NULL);
INSERT INTO `gp_bm_template_export` (`DATA_ID`, `FUNCID`, `FUNC_NAME`, `TABLE_NAME`, `TABLE_COMMENTS`, `COLUMN_NAME`, `COLUMN_COMMENTS`, `IS_NEED`, `SEQ_NO`, `NUM`, `IS_RELATION`, `GUID`, `HAS_SQL`, `RSV1`, `RSV2`, `RSV3`, `RSV4`, `RSV5`, `TSK_MESSAGE`) VALUES('289cbc3a6cbe4c868ccabc865c4234ff','gfdr_00020301','个人客户基础信息补录','GFDR_PM_GRKHXX','个人客户基础信息','RSV1','客户编号','Y','22','22','Y','95ee837c0ddf4b28afe76209e25c739b','N',NULL,NULL,NULL,NULL,NULL,NULL);
INSERT INTO `gp_bm_template_export` (`DATA_ID`, `FUNCID`, `FUNC_NAME`, `TABLE_NAME`, `TABLE_COMMENTS`, `COLUMN_NAME`, `COLUMN_COMMENTS`, `IS_NEED`, `SEQ_NO`, `NUM`, `IS_RELATION`, `GUID`, `HAS_SQL`, `RSV1`, `RSV2`, `RSV3`, `RSV4`, `RSV5`, `TSK_MESSAGE`) VALUES('30d8f720a50d4f27bc7e0567e2ff3cb5','gfdr_00010801','个人贷款发生额信息补录','GFDR_PM_GRDKFS','个人贷款发生额信息','RSV1','MBS账号','Y','31','31','Y','642b235f60ce4f69a1127a46832029ba','N',NULL,NULL,NULL,NULL,NULL,NULL);
INSERT INTO `gp_bm_template_export` (`DATA_ID`, `FUNCID`, `FUNC_NAME`, `TABLE_NAME`, `TABLE_COMMENTS`, `COLUMN_NAME`, `COLUMN_COMMENTS`, `IS_NEED`, `SEQ_NO`, `NUM`, `IS_RELATION`, `GUID`, `HAS_SQL`, `RSV1`, `RSV2`, `RSV3`, `RSV4`, `RSV5`, `TSK_MESSAGE`) VALUES('76c1c0126d79445e8267ec5b0591ae3c','gfdr_00010701','存量个人贷款信息补录','GFDR_PM_CLGRDK','存量个人贷款信息','RSV1','MBS账号','Y','29','29','Y','8091b4a41a2a4568ade464f46f33cf50','N',NULL,NULL,NULL,NULL,NULL,NULL);
INSERT INTO `gp_bm_template_export` (`DATA_ID`, `FUNCID`, `FUNC_NAME`, `TABLE_NAME`, `TABLE_COMMENTS`, `COLUMN_NAME`, `COLUMN_COMMENTS`, `IS_NEED`, `SEQ_NO`, `NUM`, `IS_RELATION`, `GUID`, `HAS_SQL`, `RSV1`, `RSV2`, `RSV3`, `RSV4`, `RSV5`, `TSK_MESSAGE`) VALUES('cea4609daca643668345b2caa0913c69','gfdr_00010801','个人贷款发生额信息补录','GFDR_PM_GRDKFS','个人贷款发生额信息','RSV2','MBS联名客户号','Y','32','32','Y','642b235f60ce4f69a1127a46832029ba','N',NULL,NULL,NULL,NULL,NULL,NULL);
INSERT INTO `gp_bm_template_export` (`DATA_ID`, `FUNCID`, `FUNC_NAME`, `TABLE_NAME`, `TABLE_COMMENTS`, `COLUMN_NAME`, `COLUMN_COMMENTS`, `IS_NEED`, `SEQ_NO`, `NUM`, `IS_RELATION`, `GUID`, `HAS_SQL`, `RSV1`, `RSV2`, `RSV3`, `RSV4`, `RSV5`, `TSK_MESSAGE`) VALUES('4df5362baa144345b5a7cff1a197f43a','gfdr_00010701','存量个人贷款信息补录','GFDR_PM_CLGRDK','存量个人贷款信息','RSV2','MBS联名客户号','Y','30','30','Y','8091b4a41a2a4568ade464f46f33cf50','N',NULL,NULL,NULL,NULL,NULL,NULL);




