#删除四张客户化表的所以配置字段
DELETE FROM gp_bm_id_fielddata WHERE PGUID IN (
'0972f27a4b4c42099fb869c72badcf9b',
'2d705ed7bdad40feb871dc22a837defb',
'9b109dcf6bed47469552179774f0f39b',
'7ec5aa934d4d477ab697781add1a2c25'
);


DELETE  FROM gp_bm_id_filedata  WHERE GUID IN(
'0972f27a4b4c42099fb869c72badcf9b',
'2d705ed7bdad40feb871dc22a837defb',
'9b109dcf6bed47469552179774f0f39b',
'7ec5aa934d4d477ab697781add1a2c25');
					
					
DELETE  FROM GP_BM_ID_MULTIFILEDATA 
WHERE data_id IN ('10885e04394244719c5eedbbd0cddd5b',
		'a905c75474914f21ab2c02a44270705e',
		'f218ea72a64d4d4c84f78632a13ccbb8',
		'f829c3a3b582438596af93f6acedd502');				
		
		
# 删除 产品的PM 中的导入字段配置 		
DELETE   FROM `gp_bm_id_fielddata`WHERE GUID IN 		
		('2f801c08e15844dcaf51e57d5347f09d',
		'475a09902edf46b9bd14e75c62d53b06',
		'997520c5a7064bd99e5b8b17bd1fd9b5',
		'9feab933846c45f59976e76d8cba2612',
		'cab487ae1d6e4c00b9ac5f17a61daabe');	
# 删除 产品的PM 中的导出字段配置 		
DELETE  FROM  gp_bm_template_export 
WHERE DATA_ID IN (
'2d9ae612e5154446bf12fd1096f48e03',
'b0cee8250f6f480f9e37a46c4e376133',
'bb6c92ff61574a08acf7523d58e27749',
'f344f74256b64d159011329aeed53a2a',
'f4187e80ff25472dbcc9f3a3c9b99eea'
);		
				
					
#删除四张客户化表
DROP TABLE IF EXISTS tmp_hsbc_dbwxx_togtrf;
DROP TABLE IF EXISTS tmp_hsbc_dbhtxx_togtrf;
DROP TABLE IF EXISTS TMP_HSBC_DBXXHZ;
DROP TABLE IF EXISTS TMP_HSBC_TYKHXX;




#建表
CREATE TABLE tmp_hsbc_dbwxx_togtrf LIKE gfdr_pm_dbwxx;
CREATE TABLE tmp_hsbc_dbhtxx_togtrf LIKE gfdr_pm_dbhtxx;
CREATE TABLE TMP_HSBC_DBXXHZ(
DBHT VARCHAR(300),
MAJOR VARCHAR(300)
);
CREATE TABLE TMP_HSBC_TYKHXX(
CBCLASS VARCHAR(100)
);


INSERT INTO `GP_BM_ID_MULTIFILEDATA` (`DATA_ID`, `FILE_NAME`, `FILENAME_FORMAT`, `DATA_DATE`, `CORP_ID`, `ORG_ID`, `GROUP_ID`, `INQ_ORG_ID`, `INQ_GROUP_ID`, `CHECK_FLAG`, `CHECK_DESC`, `CHECK_ERR_TYPE`, `NEXT_ACTION`, `DATA_STATUS`, `DATA_FLAG`, `DATA_OP`, `DATA_SOURCE`, `DATA_VERSION`, `DATA_REJ_DESC`, `DATA_DEL_DESC`, `DATA_CRT_USER`, `DATA_CRT_DATE`, `DATA_CRT_TIME`, `DATA_CHG_USER`, `DATA_CHG_DATE`, `DATA_CHG_TIME`, `DATA_APV_USER`, `DATA_APV_DATE`, `DATA_APV_TIME`, `RSV1`, `RSV2`, `RSV3`, `RSV4`, `RSV5`, `DATA_HASH`) VALUES('10885e04394244719c5eedbbd0cddd5b','CDTtoGTRF担保物.xlsx','*',NULL,NULL,NULL,'0',NULL,NULL,NULL,NULL,NULL,NULL,NULL,NULL,NULL,NULL,NULL,NULL,NULL,'HSBC01','20210203','20210203100013','HSBC01','20210203','20210203100013',NULL,NULL,NULL,NULL,NULL,NULL,NULL,NULL,NULL);
INSERT INTO `GP_BM_ID_MULTIFILEDATA` (`DATA_ID`, `FILE_NAME`, `FILENAME_FORMAT`, `DATA_DATE`, `CORP_ID`, `ORG_ID`, `GROUP_ID`, `INQ_ORG_ID`, `INQ_GROUP_ID`, `CHECK_FLAG`, `CHECK_DESC`, `CHECK_ERR_TYPE`, `NEXT_ACTION`, `DATA_STATUS`, `DATA_FLAG`, `DATA_OP`, `DATA_SOURCE`, `DATA_VERSION`, `DATA_REJ_DESC`, `DATA_DEL_DESC`, `DATA_CRT_USER`, `DATA_CRT_DATE`, `DATA_CRT_TIME`, `DATA_CHG_USER`, `DATA_CHG_DATE`, `DATA_CHG_TIME`, `DATA_APV_USER`, `DATA_APV_DATE`, `DATA_APV_TIME`, `RSV1`, `RSV2`, `RSV3`, `RSV4`, `RSV5`, `DATA_HASH`) VALUES('a905c75474914f21ab2c02a44270705e','CBclass同业客户.xlsx','*',NULL,NULL,NULL,'0',NULL,NULL,NULL,NULL,NULL,NULL,NULL,NULL,NULL,NULL,NULL,NULL,NULL,'HSBC01','20210204','20210204194053','HSBC01','20210204','20210204194053',NULL,NULL,NULL,NULL,NULL,NULL,NULL,NULL,NULL);
INSERT INTO `GP_BM_ID_MULTIFILEDATA` (`DATA_ID`, `FILE_NAME`, `FILENAME_FORMAT`, `DATA_DATE`, `CORP_ID`, `ORG_ID`, `GROUP_ID`, `INQ_ORG_ID`, `INQ_GROUP_ID`, `CHECK_FLAG`, `CHECK_DESC`, `CHECK_ERR_TYPE`, `NEXT_ACTION`, `DATA_STATUS`, `DATA_FLAG`, `DATA_OP`, `DATA_SOURCE`, `DATA_VERSION`, `DATA_REJ_DESC`, `DATA_DEL_DESC`, `DATA_CRT_USER`, `DATA_CRT_DATE`, `DATA_CRT_TIME`, `DATA_CHG_USER`, `DATA_CHG_DATE`, `DATA_CHG_TIME`, `DATA_APV_USER`, `DATA_APV_DATE`, `DATA_APV_TIME`, `RSV1`, `RSV2`, `RSV3`, `RSV4`, `RSV5`, `DATA_HASH`) VALUES('f218ea72a64d4d4c84f78632a13ccbb8','CDT担保信息汇总.xlsx','*',NULL,NULL,NULL,'0',NULL,NULL,NULL,NULL,NULL,NULL,NULL,NULL,NULL,NULL,NULL,NULL,NULL,'HSBC01','20210203','20210203095940','HSBC01','20210203','20210203095940',NULL,NULL,NULL,NULL,NULL,NULL,NULL,NULL,NULL);
INSERT INTO `GP_BM_ID_MULTIFILEDATA` (`DATA_ID`, `FILE_NAME`, `FILENAME_FORMAT`, `DATA_DATE`, `CORP_ID`, `ORG_ID`, `GROUP_ID`, `INQ_ORG_ID`, `INQ_GROUP_ID`, `CHECK_FLAG`, `CHECK_DESC`, `CHECK_ERR_TYPE`, `NEXT_ACTION`, `DATA_STATUS`, `DATA_FLAG`, `DATA_OP`, `DATA_SOURCE`, `DATA_VERSION`, `DATA_REJ_DESC`, `DATA_DEL_DESC`, `DATA_CRT_USER`, `DATA_CRT_DATE`, `DATA_CRT_TIME`, `DATA_CHG_USER`, `DATA_CHG_DATE`, `DATA_CHG_TIME`, `DATA_APV_USER`, `DATA_APV_DATE`, `DATA_APV_TIME`, `RSV1`, `RSV2`, `RSV3`, `RSV4`, `RSV5`, `DATA_HASH`) VALUES('f829c3a3b582438596af93f6acedd502','CDTtoGTRF担保合同.xlsx','*',NULL,NULL,NULL,'0',NULL,NULL,NULL,NULL,NULL,NULL,NULL,NULL,NULL,NULL,NULL,NULL,NULL,'HSBC01','20210203','20210203100057','HSBC01','20210203','20210203100057',NULL,NULL,NULL,NULL,NULL,NULL,NULL,NULL,NULL);


INSERT INTO `gp_bm_id_filedata` (`GUID`, `DEPART_ID`, `FILE_NAME`, `TABLE_NAME`, `BATCH_NO`, `FILE_OWNER`, `FORMAT_TYPE`, `LIST_SEPARATOR`, `SEQUENCE_NO`, `IMPORT_TIME`, `KEY_FLAG`, `START_ROW`, `START_COLUMN`, `ENDROW_FLAG`, `END_COLUMN`, `SHEET_NUM`, `MAIN_FLAG`, `FUID`, `COMMENTS`, `FILLER1`, `FILLER2`, `FILLER3`, `FILENAME_FORMAT`, `AUTOIMPORTFLAG`, `FUNCNAME`, `FUNCID`, `CHECK_TABLE`, `IMPORT_TYPE`, `JOB_TYPE`, `ARGS`, `END_ROW`, `TABLE_COMMENTS`, `PDATA_ID`, `DATA_HASH`, `IMPORT_PATTERN`, `AFTER_JOB_ARGS`, `BEFORE_JOB_ARGS`) VALUES('0972f27a4b4c42099fb869c72badcf9b','0','CDT担保信息汇总.xlsx','TMP_HSBC_DBXXHZ','1','01','4',NULL,'1','10','7','2','1','1',NULL,'1','01',NULL,NULL,NULL,NULL,NULL,'*',NULL,NULL,NULL,NULL,'2',NULL,NULL,NULL,'CDT担保信息汇总','f218ea72a64d4d4c84f78632a13ccbb8',NULL,'0',NULL,'gfdr.hsbc.ClearTable,tableName:TMP_HSBC_DBXXHZ');
INSERT INTO `gp_bm_id_filedata` (`GUID`, `DEPART_ID`, `FILE_NAME`, `TABLE_NAME`, `BATCH_NO`, `FILE_OWNER`, `FORMAT_TYPE`, `LIST_SEPARATOR`, `SEQUENCE_NO`, `IMPORT_TIME`, `KEY_FLAG`, `START_ROW`, `START_COLUMN`, `ENDROW_FLAG`, `END_COLUMN`, `SHEET_NUM`, `MAIN_FLAG`, `FUID`, `COMMENTS`, `FILLER1`, `FILLER2`, `FILLER3`, `FILENAME_FORMAT`, `AUTOIMPORTFLAG`, `FUNCNAME`, `FUNCID`, `CHECK_TABLE`, `IMPORT_TYPE`, `JOB_TYPE`, `ARGS`, `END_ROW`, `TABLE_COMMENTS`, `PDATA_ID`, `DATA_HASH`, `IMPORT_PATTERN`, `AFTER_JOB_ARGS`, `BEFORE_JOB_ARGS`) VALUES('2d705ed7bdad40feb871dc22a837defb','0','CDTtoGTRF担保物.xlsx','TMP_HSBC_DBWXX_TOGTRF','1','01','4',NULL,'1','10','9','2','1','1','16','1','01',NULL,NULL,NULL,NULL,NULL,'*',NULL,NULL,NULL,NULL,'2',NULL,NULL,NULL,'CDTtoGTRF担保物信息','10885e04394244719c5eedbbd0cddd5b',NULL,'1',NULL,'gfdr.hsbc.ClearTable,tableName:TMP_HSBC_DBWXX_TOGTRF');
INSERT INTO `gp_bm_id_filedata` (`GUID`, `DEPART_ID`, `FILE_NAME`, `TABLE_NAME`, `BATCH_NO`, `FILE_OWNER`, `FORMAT_TYPE`, `LIST_SEPARATOR`, `SEQUENCE_NO`, `IMPORT_TIME`, `KEY_FLAG`, `START_ROW`, `START_COLUMN`, `ENDROW_FLAG`, `END_COLUMN`, `SHEET_NUM`, `MAIN_FLAG`, `FUID`, `COMMENTS`, `FILLER1`, `FILLER2`, `FILLER3`, `FILENAME_FORMAT`, `AUTOIMPORTFLAG`, `FUNCNAME`, `FUNCID`, `CHECK_TABLE`, `IMPORT_TYPE`, `JOB_TYPE`, `ARGS`, `END_ROW`, `TABLE_COMMENTS`, `PDATA_ID`, `DATA_HASH`, `IMPORT_PATTERN`, `AFTER_JOB_ARGS`, `BEFORE_JOB_ARGS`) VALUES('7ec5aa934d4d477ab697781add1a2c25','0','CDTtoGTRF担保合同.xlsx','TMP_HSBC_DBHTXX_TOGTRF','1','01','4',NULL,'1','10','9','2','1','1','20','1','01',NULL,NULL,NULL,NULL,NULL,'*',NULL,NULL,NULL,NULL,'2',NULL,NULL,NULL,'CDTtoGTRF担保合同','f829c3a3b582438596af93f6acedd502',NULL,'1',NULL,'gfdr.hsbc.ClearTable,tableName:TMP_HSBC_DBHTXX_TOGTRF');
INSERT INTO `gp_bm_id_filedata` (`GUID`, `DEPART_ID`, `FILE_NAME`, `TABLE_NAME`, `BATCH_NO`, `FILE_OWNER`, `FORMAT_TYPE`, `LIST_SEPARATOR`, `SEQUENCE_NO`, `IMPORT_TIME`, `KEY_FLAG`, `START_ROW`, `START_COLUMN`, `ENDROW_FLAG`, `END_COLUMN`, `SHEET_NUM`, `MAIN_FLAG`, `FUID`, `COMMENTS`, `FILLER1`, `FILLER2`, `FILLER3`, `FILENAME_FORMAT`, `AUTOIMPORTFLAG`, `FUNCNAME`, `FUNCID`, `CHECK_TABLE`, `IMPORT_TYPE`, `JOB_TYPE`, `ARGS`, `END_ROW`, `TABLE_COMMENTS`, `PDATA_ID`, `DATA_HASH`, `IMPORT_PATTERN`, `AFTER_JOB_ARGS`, `BEFORE_JOB_ARGS`) VALUES('9b109dcf6bed47469552179774f0f39b','0','CBclass同业客户.xlsx','TMP_HSBC_TYKHXX','1','01','4',NULL,'1','10','7','2','1','1','1','1','01',NULL,NULL,NULL,NULL,NULL,'*',NULL,NULL,NULL,NULL,'2',NULL,NULL,NULL,'同业客户CB','a905c75474914f21ab2c02a44270705e',NULL,'0',NULL,'gfdr.hsbc.ClearTable,tableName:TMP_HSBC_TYKHXX');



INSERT INTO `gp_bm_id_fielddata` (`GUID`, `FIELD_NAME`, `UMW_EXPRESSION`, `U_DATATYPE`, `UPDATE_WAY`, `UNIQUEKEY_FLAG`, `UPDATE_FLAG`, `FILTER_FLAG`, `FILLER1`, `FILLER2`, `FILLER3`, `PGUID`, `LIMIT_FLAG`, `BUSINESSKEY_FLAG`, `FIELD_COMMENTS`, `DATA_HASH`) VALUES('2107609de3324104be41033c065a8efe','CBCLASS','specificField(${value},1)','2','1','0','1','0',NULL,NULL,NULL,'9b109dcf6bed47469552179774f0f39b',NULL,'0','同业客户',NULL);


INSERT INTO `gp_bm_id_fielddata` (`GUID`, `FIELD_NAME`, `UMW_EXPRESSION`, `U_DATATYPE`, `UPDATE_WAY`, `UNIQUEKEY_FLAG`, `UPDATE_FLAG`, `FILTER_FLAG`, `FILLER1`, `FILLER2`, `FILLER3`, `PGUID`, `LIMIT_FLAG`, `BUSINESSKEY_FLAG`, `FIELD_COMMENTS`, `DATA_HASH`) VALUES('2462a85303b14c96aee346149e5bb633','DBHT','specificField(${value},1)','2','1','0','1','0',NULL,NULL,NULL,'0972f27a4b4c42099fb869c72badcf9b',NULL,'0','担保合同编号',NULL);
INSERT INTO `gp_bm_id_fielddata` (`GUID`, `FIELD_NAME`, `UMW_EXPRESSION`, `U_DATATYPE`, `UPDATE_WAY`, `UNIQUEKEY_FLAG`, `UPDATE_FLAG`, `FILTER_FLAG`, `FILLER1`, `FILLER2`, `FILLER3`, `PGUID`, `LIMIT_FLAG`, `BUSINESSKEY_FLAG`, `FIELD_COMMENTS`, `DATA_HASH`) VALUES('972cb9a792c14b25a2f209238ca489e0','MAJOR','specificField(${value},2)','2','1','0','1','0',NULL,NULL,NULL,'0972f27a4b4c42099fb869c72badcf9b',NULL,'0','主合同编号',NULL);


INSERT INTO `gp_bm_id_fielddata` (`GUID`, `FIELD_NAME`, `UMW_EXPRESSION`, `U_DATATYPE`, `UPDATE_WAY`, `UNIQUEKEY_FLAG`, `UPDATE_FLAG`, `FILTER_FLAG`, `FILLER1`, `FILLER2`, `FILLER3`, `PGUID`, `LIMIT_FLAG`, `BUSINESSKEY_FLAG`, `FIELD_COMMENTS`, `DATA_HASH`) VALUES('7d75045b614911ebb073005056ba5dec','PGFF','hyphenSplitter(${value})','2','1','0','1','0','评估方法',NULL,NULL,'2d705ed7bdad40feb871dc22a837defb','1','0','评估方法',NULL);
INSERT INTO `gp_bm_id_fielddata` (`GUID`, `FIELD_NAME`, `UMW_EXPRESSION`, `U_DATATYPE`, `UPDATE_WAY`, `UNIQUEKEY_FLAG`, `UPDATE_FLAG`, `FILTER_FLAG`, `FILLER1`, `FILLER2`, `FILLER3`, `PGUID`, `LIMIT_FLAG`, `BUSINESSKEY_FLAG`, `FIELD_COMMENTS`, `DATA_HASH`) VALUES('7d7506b5614911ebb073005056ba5dec','DATA_VERSION','fixedValue(${value},\"0\")','1','1','0','1','0','数据版本',NULL,NULL,'2d705ed7bdad40feb871dc22a837defb','0','0','数据版本',NULL);
INSERT INTO `gp_bm_id_fielddata` (`GUID`, `FIELD_NAME`, `UMW_EXPRESSION`, `U_DATATYPE`, `UPDATE_WAY`, `UNIQUEKEY_FLAG`, `UPDATE_FLAG`, `FILTER_FLAG`, `FILLER1`, `FILLER2`, `FILLER3`, `PGUID`, `LIMIT_FLAG`, `BUSINESSKEY_FLAG`, `FIELD_COMMENTS`, `DATA_HASH`) VALUES('7d750752614911ebb073005056ba5dec','PGJZR_DATE','autoConvertDate(${value})','2','1','0','1','0','评估基准日',NULL,NULL,'2d705ed7bdad40feb871dc22a837defb','1','0','评估基准日',NULL);
INSERT INTO `gp_bm_id_fielddata` (`GUID`, `FIELD_NAME`, `UMW_EXPRESSION`, `U_DATATYPE`, `UPDATE_WAY`, `UNIQUEKEY_FLAG`, `UPDATE_FLAG`, `FILTER_FLAG`, `FILLER1`, `FILLER2`, `FILLER3`, `PGUID`, `LIMIT_FLAG`, `BUSINESSKEY_FLAG`, `FIELD_COMMENTS`, `DATA_HASH`) VALUES('7d7507d0614911ebb073005056ba5dec','NEXT_ACTION','fixedValue(${value},\"00\")','2','1','0','1','0','数据状态',NULL,NULL,'2d705ed7bdad40feb871dc22a837defb','0','0','数据状态',NULL);
INSERT INTO `gp_bm_id_fielddata` (`GUID`, `FIELD_NAME`, `UMW_EXPRESSION`, `U_DATATYPE`, `UPDATE_WAY`, `UNIQUEKEY_FLAG`, `UPDATE_FLAG`, `FILTER_FLAG`, `FILLER1`, `FILLER2`, `FILLER3`, `PGUID`, `LIMIT_FLAG`, `BUSINESSKEY_FLAG`, `FIELD_COMMENTS`, `DATA_HASH`) VALUES('7d75083c614911ebb073005056ba5dec','ORG_ID','getImportParam(\"dataOrgId\")','2','1','0','1','0','机构ID',NULL,NULL,'2d705ed7bdad40feb871dc22a837defb','0','0','机构ID',NULL);
INSERT INTO `gp_bm_id_fielddata` (`GUID`, `FIELD_NAME`, `UMW_EXPRESSION`, `U_DATATYPE`, `UPDATE_WAY`, `UNIQUEKEY_FLAG`, `UPDATE_FLAG`, `FILTER_FLAG`, `FILLER1`, `FILLER2`, `FILLER3`, `PGUID`, `LIMIT_FLAG`, `BUSINESSKEY_FLAG`, `FIELD_COMMENTS`, `DATA_HASH`) VALUES('7d7508aa614911ebb073005056ba5dec','GZZQ','hyphenSplitter(${value})','2','1','0','1','0','估值周期',NULL,NULL,'2d705ed7bdad40feb871dc22a837defb','1','0','估值周期',NULL);
INSERT INTO `gp_bm_id_fielddata` (`GUID`, `FIELD_NAME`, `UMW_EXPRESSION`, `U_DATATYPE`, `UPDATE_WAY`, `UNIQUEKEY_FLAG`, `UPDATE_FLAG`, `FILTER_FLAG`, `FILLER1`, `FILLER2`, `FILLER3`, `PGUID`, `LIMIT_FLAG`, `BUSINESSKEY_FLAG`, `FIELD_COMMENTS`, `DATA_HASH`) VALUES('7d750912614911ebb073005056ba5dec','JRJGDM','${value}','2','1','0','1','0','金融机构代码',NULL,NULL,'2d705ed7bdad40feb871dc22a837defb','1','1','金融机构代码',NULL);
INSERT INTO `gp_bm_id_fielddata` (`GUID`, `FIELD_NAME`, `UMW_EXPRESSION`, `U_DATATYPE`, `UPDATE_WAY`, `UNIQUEKEY_FLAG`, `UPDATE_FLAG`, `FILTER_FLAG`, `FILLER1`, `FILLER2`, `FILLER3`, `PGUID`, `LIMIT_FLAG`, `BUSINESSKEY_FLAG`, `FIELD_COMMENTS`, `DATA_HASH`) VALUES('7d750979614911ebb073005056ba5dec','CHECK_FLAG','fixedValue(${value},\"N\")','2','1','0','1','0','校验标识',NULL,NULL,'2d705ed7bdad40feb871dc22a837defb','0','0','校验标识',NULL);
INSERT INTO `gp_bm_id_fielddata` (`GUID`, `FIELD_NAME`, `UMW_EXPRESSION`, `U_DATATYPE`, `UPDATE_WAY`, `UNIQUEKEY_FLAG`, `UPDATE_FLAG`, `FILTER_FLAG`, `FILLER1`, `FILLER2`, `FILLER3`, `PGUID`, `LIMIT_FLAG`, `BUSINESSKEY_FLAG`, `FIELD_COMMENTS`, `DATA_HASH`) VALUES('7d7509dd614911ebb073005056ba5dec','DATA_SOURCE','fixedValue(${value},\"2\")','2','1','0','1','0','数据来源',NULL,NULL,'2d705ed7bdad40feb871dc22a837defb','0','0','数据来源',NULL);
INSERT INTO `gp_bm_id_fielddata` (`GUID`, `FIELD_NAME`, `UMW_EXPRESSION`, `U_DATATYPE`, `UPDATE_WAY`, `UNIQUEKEY_FLAG`, `UPDATE_FLAG`, `FILTER_FLAG`, `FILLER1`, `FILLER2`, `FILLER3`, `PGUID`, `LIMIT_FLAG`, `BUSINESSKEY_FLAG`, `FIELD_COMMENTS`, `DATA_HASH`) VALUES('7d750a41614911ebb073005056ba5dec','DATA_CRT_USER','fixedValue(${value},\"fileImport\")','2','1','0','1','0','DATA_CRT_USER',NULL,NULL,'2d705ed7bdad40feb871dc22a837defb','0','0','DATA_CRT_USER',NULL);
INSERT INTO `gp_bm_id_fielddata` (`GUID`, `FIELD_NAME`, `UMW_EXPRESSION`, `U_DATATYPE`, `UPDATE_WAY`, `UNIQUEKEY_FLAG`, `UPDATE_FLAG`, `FILTER_FLAG`, `FILLER1`, `FILLER2`, `FILLER3`, `PGUID`, `LIMIT_FLAG`, `BUSINESSKEY_FLAG`, `FIELD_COMMENTS`, `DATA_HASH`) VALUES('7d750aa8614911ebb073005056ba5dec','DATA_ID','headPatternDataId(${value})','2','1','1','1','0','数据ID',NULL,NULL,'2d705ed7bdad40feb871dc22a837defb','0','0','数据ID',NULL);
INSERT INTO `gp_bm_id_fielddata` (`GUID`, `FIELD_NAME`, `UMW_EXPRESSION`, `U_DATATYPE`, `UPDATE_WAY`, `UNIQUEKEY_FLAG`, `UPDATE_FLAG`, `FILTER_FLAG`, `FILLER1`, `FILLER2`, `FILLER3`, `PGUID`, `LIMIT_FLAG`, `BUSINESSKEY_FLAG`, `FIELD_COMMENTS`, `DATA_HASH`) VALUES('7d750b0d614911ebb073005056ba5dec','DBWLB','hyphenSplitter(${value})','2','1','0','1','0','担保物类别',NULL,NULL,'2d705ed7bdad40feb871dc22a837defb','1','0','担保物类别',NULL);
INSERT INTO `gp_bm_id_fielddata` (`GUID`, `FIELD_NAME`, `UMW_EXPRESSION`, `U_DATATYPE`, `UPDATE_WAY`, `UNIQUEKEY_FLAG`, `UPDATE_FLAG`, `FILTER_FLAG`, `FILLER1`, `FILLER2`, `FILLER3`, `PGUID`, `LIMIT_FLAG`, `BUSINESSKEY_FLAG`, `FIELD_COMMENTS`, `DATA_HASH`) VALUES('7d750b73614911ebb073005056ba5dec','NBJGH','${value}','2','1','0','1','0','内部机构号',NULL,NULL,'2d705ed7bdad40feb871dc22a837defb','1','1','内部机构号',NULL);
INSERT INTO `gp_bm_id_fielddata` (`GUID`, `FIELD_NAME`, `UMW_EXPRESSION`, `U_DATATYPE`, `UPDATE_WAY`, `UNIQUEKEY_FLAG`, `UPDATE_FLAG`, `FILTER_FLAG`, `FILLER1`, `FILLER2`, `FILLER3`, `PGUID`, `LIMIT_FLAG`, `BUSINESSKEY_FLAG`, `FIELD_COMMENTS`, `DATA_HASH`) VALUES('7d750bd7614911ebb073005056ba5dec','DATA_RPT_DATE','getImportParam(\"dataRptDate\")','2','1','0','1','0','报表日期',NULL,NULL,'2d705ed7bdad40feb871dc22a837defb',NULL,'0','报表日期',NULL);
INSERT INTO `gp_bm_id_fielddata` (`GUID`, `FIELD_NAME`, `UMW_EXPRESSION`, `U_DATATYPE`, `UPDATE_WAY`, `UNIQUEKEY_FLAG`, `UPDATE_FLAG`, `FILTER_FLAG`, `FILLER1`, `FILLER2`, `FILLER3`, `PGUID`, `LIMIT_FLAG`, `BUSINESSKEY_FLAG`, `FIELD_COMMENTS`, `DATA_HASH`) VALUES('7d750c3e614911ebb073005056ba5dec','GROUP_ID','getImportParam(\"dataGroupId\")','2','1','0','1','0','业务条线',NULL,NULL,'2d705ed7bdad40feb871dc22a837defb','0','0','业务条线',NULL);
INSERT INTO `gp_bm_id_fielddata` (`GUID`, `FIELD_NAME`, `UMW_EXPRESSION`, `U_DATATYPE`, `UPDATE_WAY`, `UNIQUEKEY_FLAG`, `UPDATE_FLAG`, `FILTER_FLAG`, `FILLER1`, `FILLER2`, `FILLER3`, `PGUID`, `LIMIT_FLAG`, `BUSINESSKEY_FLAG`, `FIELD_COMMENTS`, `DATA_HASH`) VALUES('7d750ca5614911ebb073005056ba5dec','YXSCQSE_AMT','isNumeric(${value})','1','1','0','1','0','优先受偿权数额',NULL,NULL,'2d705ed7bdad40feb871dc22a837defb','1','0','优先受偿权数额',NULL);
INSERT INTO `gp_bm_id_fielddata` (`GUID`, `FIELD_NAME`, `UMW_EXPRESSION`, `U_DATATYPE`, `UPDATE_WAY`, `UNIQUEKEY_FLAG`, `UPDATE_FLAG`, `FILTER_FLAG`, `FILLER1`, `FILLER2`, `FILLER3`, `PGUID`, `LIMIT_FLAG`, `BUSINESSKEY_FLAG`, `FIELD_COMMENTS`, `DATA_HASH`) VALUES('7d750d0c614911ebb073005056ba5dec','DBHTBM','${value}','2','1','0','1','0','担保合同编码',NULL,NULL,'2d705ed7bdad40feb871dc22a837defb','1','1','担保合同编码',NULL);
INSERT INTO `gp_bm_id_fielddata` (`GUID`, `FIELD_NAME`, `UMW_EXPRESSION`, `U_DATATYPE`, `UPDATE_WAY`, `UNIQUEKEY_FLAG`, `UPDATE_FLAG`, `FILTER_FLAG`, `FILLER1`, `FILLER2`, `FILLER3`, `PGUID`, `LIMIT_FLAG`, `BUSINESSKEY_FLAG`, `FIELD_COMMENTS`, `DATA_HASH`) VALUES('7d750d70614911ebb073005056ba5dec','DATA_STATUS','fixedValue(${value},\"00\")','2','1','0','1','0','数据状态',NULL,NULL,'2d705ed7bdad40feb871dc22a837defb','0','0','数据状态',NULL);
INSERT INTO `gp_bm_id_fielddata` (`GUID`, `FIELD_NAME`, `UMW_EXPRESSION`, `U_DATATYPE`, `UPDATE_WAY`, `UNIQUEKEY_FLAG`, `UPDATE_FLAG`, `FILTER_FLAG`, `FILLER1`, `FILLER2`, `FILLER3`, `PGUID`, `LIMIT_FLAG`, `BUSINESSKEY_FLAG`, `FIELD_COMMENTS`, `DATA_HASH`) VALUES('7d750dd4614911ebb073005056ba5dec','DATA_CRT_TIME','getSysTime(${value})','2','1','0','1','0','DATA_CRT_TIME',NULL,NULL,'2d705ed7bdad40feb871dc22a837defb','0','0','DATA_CRT_TIME',NULL);
INSERT INTO `gp_bm_id_fielddata` (`GUID`, `FIELD_NAME`, `UMW_EXPRESSION`, `U_DATATYPE`, `UPDATE_WAY`, `UNIQUEKEY_FLAG`, `UPDATE_FLAG`, `FILTER_FLAG`, `FILLER1`, `FILLER2`, `FILLER3`, `PGUID`, `LIMIT_FLAG`, `BUSINESSKEY_FLAG`, `FIELD_COMMENTS`, `DATA_HASH`) VALUES('7d750e3a614911ebb073005056ba5dec','BDBHTBM','${value}','2','1','0','1','0','被担保合同编码',NULL,NULL,'2d705ed7bdad40feb871dc22a837defb','1','1','被担保合同编码',NULL);
INSERT INTO `gp_bm_id_fielddata` (`GUID`, `FIELD_NAME`, `UMW_EXPRESSION`, `U_DATATYPE`, `UPDATE_WAY`, `UNIQUEKEY_FLAG`, `UPDATE_FLAG`, `FILTER_FLAG`, `FILLER1`, `FILLER2`, `FILLER3`, `PGUID`, `LIMIT_FLAG`, `BUSINESSKEY_FLAG`, `FIELD_COMMENTS`, `DATA_HASH`) VALUES('7d750e9f614911ebb073005056ba5dec','DATA_CRT_DATE','getSysDate(${value})','2','1','0','1','0','DATA_CRT_DATE',NULL,NULL,'2d705ed7bdad40feb871dc22a837defb','0','0','DATA_CRT_DATE',NULL);
INSERT INTO `gp_bm_id_fielddata` (`GUID`, `FIELD_NAME`, `UMW_EXPRESSION`, `U_DATATYPE`, `UPDATE_WAY`, `UNIQUEKEY_FLAG`, `UPDATE_FLAG`, `FILTER_FLAG`, `FILLER1`, `FILLER2`, `FILLER3`, `PGUID`, `LIMIT_FLAG`, `BUSINESSKEY_FLAG`, `FIELD_COMMENTS`, `DATA_HASH`) VALUES('7d750f08614911ebb073005056ba5dec','PGJZ_AMT','isNumeric(${value})','1','1','0','1','0','评估价值',NULL,NULL,'2d705ed7bdad40feb871dc22a837defb','1','0','评估价值',NULL);
INSERT INTO `gp_bm_id_fielddata` (`GUID`, `FIELD_NAME`, `UMW_EXPRESSION`, `U_DATATYPE`, `UPDATE_WAY`, `UNIQUEKEY_FLAG`, `UPDATE_FLAG`, `FILTER_FLAG`, `FILLER1`, `FILLER2`, `FILLER3`, `PGUID`, `LIMIT_FLAG`, `BUSINESSKEY_FLAG`, `FIELD_COMMENTS`, `DATA_HASH`) VALUES('7d750f6c614911ebb073005056ba5dec','PGFS','hyphenSplitter(${value})','2','1','0','1','0','评估方式',NULL,NULL,'2d705ed7bdad40feb871dc22a837defb','1','0','评估方式',NULL);
INSERT INTO `gp_bm_id_fielddata` (`GUID`, `FIELD_NAME`, `UMW_EXPRESSION`, `U_DATATYPE`, `UPDATE_WAY`, `UNIQUEKEY_FLAG`, `UPDATE_FLAG`, `FILTER_FLAG`, `FILLER1`, `FILLER2`, `FILLER3`, `PGUID`, `LIMIT_FLAG`, `BUSINESSKEY_FLAG`, `FIELD_COMMENTS`, `DATA_HASH`) VALUES('7d750fd0614911ebb073005056ba5dec','SFDYSW','hyphenSplitter(${value})','2','1','0','1','0','是否第一顺位',NULL,NULL,'2d705ed7bdad40feb871dc22a837defb','1','0','是否第一顺位',NULL);
INSERT INTO `gp_bm_id_fielddata` (`GUID`, `FIELD_NAME`, `UMW_EXPRESSION`, `U_DATATYPE`, `UPDATE_WAY`, `UNIQUEKEY_FLAG`, `UPDATE_FLAG`, `FILTER_FLAG`, `FILLER1`, `FILLER2`, `FILLER3`, `PGUID`, `LIMIT_FLAG`, `BUSINESSKEY_FLAG`, `FIELD_COMMENTS`, `DATA_HASH`) VALUES('7d751032614911ebb073005056ba5dec','QZBH','${value}','2','1','0','1','0','权证编号',NULL,NULL,'2d705ed7bdad40feb871dc22a837defb','1','0','权证编号',NULL);
INSERT INTO `gp_bm_id_fielddata` (`GUID`, `FIELD_NAME`, `UMW_EXPRESSION`, `U_DATATYPE`, `UPDATE_WAY`, `UNIQUEKEY_FLAG`, `UPDATE_FLAG`, `FILTER_FLAG`, `FILLER1`, `FILLER2`, `FILLER3`, `PGUID`, `LIMIT_FLAG`, `BUSINESSKEY_FLAG`, `FIELD_COMMENTS`, `DATA_HASH`) VALUES('7d751096614911ebb073005056ba5dec','DBWBM','${value}','2','1','0','1','0','担保物编码',NULL,NULL,'2d705ed7bdad40feb871dc22a837defb','1','1','担保物编码',NULL);
INSERT INTO `gp_bm_id_fielddata` (`GUID`, `FIELD_NAME`, `UMW_EXPRESSION`, `U_DATATYPE`, `UPDATE_WAY`, `UNIQUEKEY_FLAG`, `UPDATE_FLAG`, `FILTER_FLAG`, `FILLER1`, `FILLER2`, `FILLER3`, `PGUID`, `LIMIT_FLAG`, `BUSINESSKEY_FLAG`, `FIELD_COMMENTS`, `DATA_HASH`) VALUES('7d7510fb614911ebb073005056ba5dec','DBWPMJZ_AMT','isNumeric(${value})','1','1','0','1','0','担保物票面价值',NULL,NULL,'2d705ed7bdad40feb871dc22a837defb','1','0','担保物票面价值',NULL);
INSERT INTO `gp_bm_id_fielddata` (`GUID`, `FIELD_NAME`, `UMW_EXPRESSION`, `U_DATATYPE`, `UPDATE_WAY`, `UNIQUEKEY_FLAG`, `UPDATE_FLAG`, `FILTER_FLAG`, `FILLER1`, `FILLER2`, `FILLER3`, `PGUID`, `LIMIT_FLAG`, `BUSINESSKEY_FLAG`, `FIELD_COMMENTS`, `DATA_HASH`) VALUES('7d75115f614911ebb073005056ba5dec','DATA_FLAG','fixedValue(${value},\"A\")','2','1','0','1','0','操作状态',NULL,NULL,'2d705ed7bdad40feb871dc22a837defb','0','0','操作状态',NULL);




INSERT INTO `gp_bm_id_fielddata` (`GUID`, `FIELD_NAME`, `UMW_EXPRESSION`, `U_DATATYPE`, `UPDATE_WAY`, `UNIQUEKEY_FLAG`, `UPDATE_FLAG`, `FILTER_FLAG`, `FILLER1`, `FILLER2`, `FILLER3`, `PGUID`, `LIMIT_FLAG`, `BUSINESSKEY_FLAG`, `FIELD_COMMENTS`, `DATA_HASH`) VALUES('b857c3e84fd448768a4185f449dbdcb4','RSV1','${value}','2','1','0','1','0',NULL,NULL,NULL,'7ec5aa934d4d477ab697781add1a2c25','1','0','担保方式',NULL);
INSERT INTO `gp_bm_id_fielddata` (`GUID`, `FIELD_NAME`, `UMW_EXPRESSION`, `U_DATATYPE`, `UPDATE_WAY`, `UNIQUEKEY_FLAG`, `UPDATE_FLAG`, `FILTER_FLAG`, `FILLER1`, `FILLER2`, `FILLER3`, `PGUID`, `LIMIT_FLAG`, `BUSINESSKEY_FLAG`, `FIELD_COMMENTS`, `DATA_HASH`) VALUES('cf54c21b614211ebb073005056ba5dec','NBJGH','${value}','2','1','0','1','0','内部机构号',NULL,NULL,'7ec5aa934d4d477ab697781add1a2c25','1','1','内部机构号',NULL);
INSERT INTO `gp_bm_id_fielddata` (`GUID`, `FIELD_NAME`, `UMW_EXPRESSION`, `U_DATATYPE`, `UPDATE_WAY`, `UNIQUEKEY_FLAG`, `UPDATE_FLAG`, `FILTER_FLAG`, `FILLER1`, `FILLER2`, `FILLER3`, `PGUID`, `LIMIT_FLAG`, `BUSINESSKEY_FLAG`, `FIELD_COMMENTS`, `DATA_HASH`) VALUES('cf54c447614211ebb073005056ba5dec','GROUP_ID','getImportParam(\"dataGroupId\")','2','1','0','1','0','业务条线',NULL,NULL,'7ec5aa934d4d477ab697781add1a2c25','0','0','业务条线',NULL);
INSERT INTO `gp_bm_id_fielddata` (`GUID`, `FIELD_NAME`, `UMW_EXPRESSION`, `U_DATATYPE`, `UPDATE_WAY`, `UNIQUEKEY_FLAG`, `UPDATE_FLAG`, `FILTER_FLAG`, `FILLER1`, `FILLER2`, `FILLER3`, `PGUID`, `LIMIT_FLAG`, `BUSINESSKEY_FLAG`, `FIELD_COMMENTS`, `DATA_HASH`) VALUES('cf54c4db614211ebb073005056ba5dec','DATA_CRT_TIME','getSysTime(${value})','2','1','0','1','0','DATA_CRT_TIME',NULL,NULL,'7ec5aa934d4d477ab697781add1a2c25','0','0','DATA_CRT_TIME',NULL);
INSERT INTO `gp_bm_id_fielddata` (`GUID`, `FIELD_NAME`, `UMW_EXPRESSION`, `U_DATATYPE`, `UPDATE_WAY`, `UNIQUEKEY_FLAG`, `UPDATE_FLAG`, `FILTER_FLAG`, `FILLER1`, `FILLER2`, `FILLER3`, `PGUID`, `LIMIT_FLAG`, `BUSINESSKEY_FLAG`, `FIELD_COMMENTS`, `DATA_HASH`) VALUES('cf54c525614211ebb073005056ba5dec','DBHTBM','${value}','2','1','0','1','0','担保合同编码',NULL,NULL,'7ec5aa934d4d477ab697781add1a2c25','1','1','担保合同编码',NULL);
INSERT INTO `gp_bm_id_fielddata` (`GUID`, `FIELD_NAME`, `UMW_EXPRESSION`, `U_DATATYPE`, `UPDATE_WAY`, `UNIQUEKEY_FLAG`, `UPDATE_FLAG`, `FILTER_FLAG`, `FILLER1`, `FILLER2`, `FILLER3`, `PGUID`, `LIMIT_FLAG`, `BUSINESSKEY_FLAG`, `FIELD_COMMENTS`, `DATA_HASH`) VALUES('cf54c564614211ebb073005056ba5dec','DATA_ID','headPatternDataId(${value})','2','1','1','1','0','数据ID',NULL,NULL,'7ec5aa934d4d477ab697781add1a2c25','0','0','数据ID',NULL);
INSERT INTO `gp_bm_id_fielddata` (`GUID`, `FIELD_NAME`, `UMW_EXPRESSION`, `U_DATATYPE`, `UPDATE_WAY`, `UNIQUEKEY_FLAG`, `UPDATE_FLAG`, `FILTER_FLAG`, `FILLER1`, `FILLER2`, `FILLER3`, `PGUID`, `LIMIT_FLAG`, `BUSINESSKEY_FLAG`, `FIELD_COMMENTS`, `DATA_HASH`) VALUES('cf54c5a1614211ebb073005056ba5dec','DATA_SOURCE','fixedValue(${value},\"2\")','2','1','0','1','0','数据来源',NULL,NULL,'7ec5aa934d4d477ab697781add1a2c25','0','0','数据来源',NULL);
INSERT INTO `gp_bm_id_fielddata` (`GUID`, `FIELD_NAME`, `UMW_EXPRESSION`, `U_DATATYPE`, `UPDATE_WAY`, `UNIQUEKEY_FLAG`, `UPDATE_FLAG`, `FILTER_FLAG`, `FILLER1`, `FILLER2`, `FILLER3`, `PGUID`, `LIMIT_FLAG`, `BUSINESSKEY_FLAG`, `FIELD_COMMENTS`, `DATA_HASH`) VALUES('cf54c5de614211ebb073005056ba5dec','DZYL','isNumeric(${value})','1','1','0','1','0','抵质押率',NULL,NULL,'7ec5aa934d4d477ab697781add1a2c25','1','0','抵质押率',NULL);
INSERT INTO `gp_bm_id_fielddata` (`GUID`, `FIELD_NAME`, `UMW_EXPRESSION`, `U_DATATYPE`, `UPDATE_WAY`, `UNIQUEKEY_FLAG`, `UPDATE_FLAG`, `FILTER_FLAG`, `FILLER1`, `FILLER2`, `FILLER3`, `PGUID`, `LIMIT_FLAG`, `BUSINESSKEY_FLAG`, `FIELD_COMMENTS`, `DATA_HASH`) VALUES('cf54c619614211ebb073005056ba5dec','DBRGMJJBM','hyphenSplitter(${value})','2','1','0','1','0','担保人国民经济部门',NULL,NULL,'7ec5aa934d4d477ab697781add1a2c25','1','0','担保人国民经济部门',NULL);
INSERT INTO `gp_bm_id_fielddata` (`GUID`, `FIELD_NAME`, `UMW_EXPRESSION`, `U_DATATYPE`, `UPDATE_WAY`, `UNIQUEKEY_FLAG`, `UPDATE_FLAG`, `FILTER_FLAG`, `FILLER1`, `FILLER2`, `FILLER3`, `PGUID`, `LIMIT_FLAG`, `BUSINESSKEY_FLAG`, `FIELD_COMMENTS`, `DATA_HASH`) VALUES('cf54c655614211ebb073005056ba5dec','JRJGDM','${value}','2','1','0','1','0','金融机构代码',NULL,NULL,'7ec5aa934d4d477ab697781add1a2c25','1','1','金融机构代码',NULL);
INSERT INTO `gp_bm_id_fielddata` (`GUID`, `FIELD_NAME`, `UMW_EXPRESSION`, `U_DATATYPE`, `UPDATE_WAY`, `UNIQUEKEY_FLAG`, `UPDATE_FLAG`, `FILTER_FLAG`, `FILLER1`, `FILLER2`, `FILLER3`, `PGUID`, `LIMIT_FLAG`, `BUSINESSKEY_FLAG`, `FIELD_COMMENTS`, `DATA_HASH`) VALUES('cf54c68e614211ebb073005056ba5dec','CHECK_FLAG','fixedValue(${value},\"N\")','2','1','0','1','0','校验标识',NULL,NULL,'7ec5aa934d4d477ab697781add1a2c25','0','0','校验标识',NULL);
INSERT INTO `gp_bm_id_fielddata` (`GUID`, `FIELD_NAME`, `UMW_EXPRESSION`, `U_DATATYPE`, `UPDATE_WAY`, `UNIQUEKEY_FLAG`, `UPDATE_FLAG`, `FILTER_FLAG`, `FILLER1`, `FILLER2`, `FILLER3`, `PGUID`, `LIMIT_FLAG`, `BUSINESSKEY_FLAG`, `FIELD_COMMENTS`, `DATA_HASH`) VALUES('cf54c6c6614211ebb073005056ba5dec','BZ','hyphenSplitter(${value})','2','1','0','1','0','币种',NULL,NULL,'7ec5aa934d4d477ab697781add1a2c25','1','0','币种',NULL);
INSERT INTO `gp_bm_id_fielddata` (`GUID`, `FIELD_NAME`, `UMW_EXPRESSION`, `U_DATATYPE`, `UPDATE_WAY`, `UNIQUEKEY_FLAG`, `UPDATE_FLAG`, `FILTER_FLAG`, `FILLER1`, `FILLER2`, `FILLER3`, `PGUID`, `LIMIT_FLAG`, `BUSINESSKEY_FLAG`, `FIELD_COMMENTS`, `DATA_HASH`) VALUES('cf54c6fb614211ebb073005056ba5dec','DATA_FLAG','fixedValue(${value},\"A\")','2','1','0','1','0','操作状态',NULL,NULL,'7ec5aa934d4d477ab697781add1a2c25','0','0','操作状态',NULL);
INSERT INTO `gp_bm_id_fielddata` (`GUID`, `FIELD_NAME`, `UMW_EXPRESSION`, `U_DATATYPE`, `UPDATE_WAY`, `UNIQUEKEY_FLAG`, `UPDATE_FLAG`, `FILTER_FLAG`, `FILLER1`, `FILLER2`, `FILLER3`, `PGUID`, `LIMIT_FLAG`, `BUSINESSKEY_FLAG`, `FIELD_COMMENTS`, `DATA_HASH`) VALUES('cf54c734614211ebb073005056ba5dec','DBHTJEZRMB_AMT','isNumeric(${value})','1','1','0','1','0','担保合同金额折人民币',NULL,NULL,'7ec5aa934d4d477ab697781add1a2c25','1','0','担保合同金额折人民币',NULL);
INSERT INTO `gp_bm_id_fielddata` (`GUID`, `FIELD_NAME`, `UMW_EXPRESSION`, `U_DATATYPE`, `UPDATE_WAY`, `UNIQUEKEY_FLAG`, `UPDATE_FLAG`, `FILTER_FLAG`, `FILLER1`, `FILLER2`, `FILLER3`, `PGUID`, `LIMIT_FLAG`, `BUSINESSKEY_FLAG`, `FIELD_COMMENTS`, `DATA_HASH`) VALUES('cf54c76a614211ebb073005056ba5dec','DATA_STATUS','fixedValue(${value},\"00\")','2','1','0','1','0','数据状态',NULL,NULL,'7ec5aa934d4d477ab697781add1a2c25','0','0','数据状态',NULL);
INSERT INTO `gp_bm_id_fielddata` (`GUID`, `FIELD_NAME`, `UMW_EXPRESSION`, `U_DATATYPE`, `UPDATE_WAY`, `UNIQUEKEY_FLAG`, `UPDATE_FLAG`, `FILTER_FLAG`, `FILLER1`, `FILLER2`, `FILLER3`, `PGUID`, `LIMIT_FLAG`, `BUSINESSKEY_FLAG`, `FIELD_COMMENTS`, `DATA_HASH`) VALUES('cf54c7a3614211ebb073005056ba5dec','DBHTLX','hyphenSplitter(${value})','2','1','0','1','0','担保合同类型',NULL,NULL,'7ec5aa934d4d477ab697781add1a2c25','1','0','担保合同类型',NULL);
INSERT INTO `gp_bm_id_fielddata` (`GUID`, `FIELD_NAME`, `UMW_EXPRESSION`, `U_DATATYPE`, `UPDATE_WAY`, `UNIQUEKEY_FLAG`, `UPDATE_FLAG`, `FILTER_FLAG`, `FILLER1`, `FILLER2`, `FILLER3`, `PGUID`, `LIMIT_FLAG`, `BUSINESSKEY_FLAG`, `FIELD_COMMENTS`, `DATA_HASH`) VALUES('cf54c7d9614211ebb073005056ba5dec','BDBHTBM','${value}','2','1','0','1','0','被担保合同编码',NULL,NULL,'7ec5aa934d4d477ab697781add1a2c25','1','1','被担保合同编码',NULL);
INSERT INTO `gp_bm_id_fielddata` (`GUID`, `FIELD_NAME`, `UMW_EXPRESSION`, `U_DATATYPE`, `UPDATE_WAY`, `UNIQUEKEY_FLAG`, `UPDATE_FLAG`, `FILTER_FLAG`, `FILLER1`, `FILLER2`, `FILLER3`, `PGUID`, `LIMIT_FLAG`, `BUSINESSKEY_FLAG`, `FIELD_COMMENTS`, `DATA_HASH`) VALUES('cf54c810614211ebb073005056ba5dec','DBRDQDM','hyphenSplitter(${value})','2','1','0','1','0','担保人地区代码',NULL,NULL,'7ec5aa934d4d477ab697781add1a2c25','1','0','担保人地区代码',NULL);
INSERT INTO `gp_bm_id_fielddata` (`GUID`, `FIELD_NAME`, `UMW_EXPRESSION`, `U_DATATYPE`, `UPDATE_WAY`, `UNIQUEKEY_FLAG`, `UPDATE_FLAG`, `FILTER_FLAG`, `FILLER1`, `FILLER2`, `FILLER3`, `PGUID`, `LIMIT_FLAG`, `BUSINESSKEY_FLAG`, `FIELD_COMMENTS`, `DATA_HASH`) VALUES('cf54c847614211ebb073005056ba5dec','DBHTQSRQ_DATE','autoConvertDate(${value})','2','1','0','1','0','担保合同起始日期',NULL,NULL,'7ec5aa934d4d477ab697781add1a2c25','1','0','担保合同起始日期',NULL);
INSERT INTO `gp_bm_id_fielddata` (`GUID`, `FIELD_NAME`, `UMW_EXPRESSION`, `U_DATATYPE`, `UPDATE_WAY`, `UNIQUEKEY_FLAG`, `UPDATE_FLAG`, `FILTER_FLAG`, `FILLER1`, `FILLER2`, `FILLER3`, `PGUID`, `LIMIT_FLAG`, `BUSINESSKEY_FLAG`, `FIELD_COMMENTS`, `DATA_HASH`) VALUES('cf54c87c614211ebb073005056ba5dec','DBRZJLX','hyphenSplitter(${value})','2','1','0','1','0','担保人证件类型',NULL,NULL,'7ec5aa934d4d477ab697781add1a2c25','1','1','担保人证件类型',NULL);
INSERT INTO `gp_bm_id_fielddata` (`GUID`, `FIELD_NAME`, `UMW_EXPRESSION`, `U_DATATYPE`, `UPDATE_WAY`, `UNIQUEKEY_FLAG`, `UPDATE_FLAG`, `FILTER_FLAG`, `FILLER1`, `FILLER2`, `FILLER3`, `PGUID`, `LIMIT_FLAG`, `BUSINESSKEY_FLAG`, `FIELD_COMMENTS`, `DATA_HASH`) VALUES('cf54c8b1614211ebb073005056ba5dec','DBHTDQRQ_DATE','autoConvertDate(${value})','2','1','0','1','0','担保合同到期日期',NULL,NULL,'7ec5aa934d4d477ab697781add1a2c25','1','0','担保合同到期日期',NULL);
INSERT INTO `gp_bm_id_fielddata` (`GUID`, `FIELD_NAME`, `UMW_EXPRESSION`, `U_DATATYPE`, `UPDATE_WAY`, `UNIQUEKEY_FLAG`, `UPDATE_FLAG`, `FILTER_FLAG`, `FILLER1`, `FILLER2`, `FILLER3`, `PGUID`, `LIMIT_FLAG`, `BUSINESSKEY_FLAG`, `FIELD_COMMENTS`, `DATA_HASH`) VALUES('cf54c8e8614211ebb073005056ba5dec','DBRQYGM','hyphenSplitter(${value})','2','1','0','1','0','担保人企业规模',NULL,NULL,'7ec5aa934d4d477ab697781add1a2c25','1','0','担保人企业规模',NULL);
INSERT INTO `gp_bm_id_fielddata` (`GUID`, `FIELD_NAME`, `UMW_EXPRESSION`, `U_DATATYPE`, `UPDATE_WAY`, `UNIQUEKEY_FLAG`, `UPDATE_FLAG`, `FILTER_FLAG`, `FILLER1`, `FILLER2`, `FILLER3`, `PGUID`, `LIMIT_FLAG`, `BUSINESSKEY_FLAG`, `FIELD_COMMENTS`, `DATA_HASH`) VALUES('cf54c91e614211ebb073005056ba5dec','ORG_ID','getImportParam(\"dataOrgId\")','2','1','0','1','0','机构ID',NULL,NULL,'7ec5aa934d4d477ab697781add1a2c25','0','0','机构ID',NULL);
INSERT INTO `gp_bm_id_fielddata` (`GUID`, `FIELD_NAME`, `UMW_EXPRESSION`, `U_DATATYPE`, `UPDATE_WAY`, `UNIQUEKEY_FLAG`, `UPDATE_FLAG`, `FILTER_FLAG`, `FILLER1`, `FILLER2`, `FILLER3`, `PGUID`, `LIMIT_FLAG`, `BUSINESSKEY_FLAG`, `FIELD_COMMENTS`, `DATA_HASH`) VALUES('cf54c953614211ebb073005056ba5dec','DATA_CRT_DATE','getSysDate(${value})','2','1','0','1','0','DATA_CRT_DATE',NULL,NULL,'7ec5aa934d4d477ab697781add1a2c25','0','0','DATA_CRT_DATE',NULL);
INSERT INTO `gp_bm_id_fielddata` (`GUID`, `FIELD_NAME`, `UMW_EXPRESSION`, `U_DATATYPE`, `UPDATE_WAY`, `UNIQUEKEY_FLAG`, `UPDATE_FLAG`, `FILTER_FLAG`, `FILLER1`, `FILLER2`, `FILLER3`, `PGUID`, `LIMIT_FLAG`, `BUSINESSKEY_FLAG`, `FIELD_COMMENTS`, `DATA_HASH`) VALUES('cf54c989614211ebb073005056ba5dec','DATA_CRT_USER','fixedValue(${value},\"fileImport\")','2','1','0','1','0','DATA_CRT_USER',NULL,NULL,'7ec5aa934d4d477ab697781add1a2c25','0','0','DATA_CRT_USER',NULL);
INSERT INTO `gp_bm_id_fielddata` (`GUID`, `FIELD_NAME`, `UMW_EXPRESSION`, `U_DATATYPE`, `UPDATE_WAY`, `UNIQUEKEY_FLAG`, `UPDATE_FLAG`, `FILTER_FLAG`, `FILLER1`, `FILLER2`, `FILLER3`, `PGUID`, `LIMIT_FLAG`, `BUSINESSKEY_FLAG`, `FIELD_COMMENTS`, `DATA_HASH`) VALUES('cf54c9bf614211ebb073005056ba5dec','DBHTJE_AMT','isNumeric(${value})','1','1','0','1','0','担保合同金额',NULL,NULL,'7ec5aa934d4d477ab697781add1a2c25','1','0','担保合同金额',NULL);
INSERT INTO `gp_bm_id_fielddata` (`GUID`, `FIELD_NAME`, `UMW_EXPRESSION`, `U_DATATYPE`, `UPDATE_WAY`, `UNIQUEKEY_FLAG`, `UPDATE_FLAG`, `FILTER_FLAG`, `FILLER1`, `FILLER2`, `FILLER3`, `PGUID`, `LIMIT_FLAG`, `BUSINESSKEY_FLAG`, `FIELD_COMMENTS`, `DATA_HASH`) VALUES('cf54c9f5614211ebb073005056ba5dec','DATA_VERSION','fixedValue(${value},\"0\")','1','1','0','1','0','数据版本',NULL,NULL,'7ec5aa934d4d477ab697781add1a2c25','0','0','数据版本',NULL);
INSERT INTO `gp_bm_id_fielddata` (`GUID`, `FIELD_NAME`, `UMW_EXPRESSION`, `U_DATATYPE`, `UPDATE_WAY`, `UNIQUEKEY_FLAG`, `UPDATE_FLAG`, `FILTER_FLAG`, `FILLER1`, `FILLER2`, `FILLER3`, `PGUID`, `LIMIT_FLAG`, `BUSINESSKEY_FLAG`, `FIELD_COMMENTS`, `DATA_HASH`) VALUES('cf54ca2b614211ebb073005056ba5dec','DBRHY','hyphenSplitter(${value})','2','1','0','1','0','担保人行业',NULL,NULL,'7ec5aa934d4d477ab697781add1a2c25','1','0','担保人行业',NULL);
INSERT INTO `gp_bm_id_fielddata` (`GUID`, `FIELD_NAME`, `UMW_EXPRESSION`, `U_DATATYPE`, `UPDATE_WAY`, `UNIQUEKEY_FLAG`, `UPDATE_FLAG`, `FILTER_FLAG`, `FILLER1`, `FILLER2`, `FILLER3`, `PGUID`, `LIMIT_FLAG`, `BUSINESSKEY_FLAG`, `FIELD_COMMENTS`, `DATA_HASH`) VALUES('cf54ca62614211ebb073005056ba5dec','NEXT_ACTION','fixedValue(${value},\"00\")','2','1','0','1','0','数据状态',NULL,NULL,'7ec5aa934d4d477ab697781add1a2c25','0','0','数据状态',NULL);
INSERT INTO `gp_bm_id_fielddata` (`GUID`, `FIELD_NAME`, `UMW_EXPRESSION`, `U_DATATYPE`, `UPDATE_WAY`, `UNIQUEKEY_FLAG`, `UPDATE_FLAG`, `FILTER_FLAG`, `FILLER1`, `FILLER2`, `FILLER3`, `PGUID`, `LIMIT_FLAG`, `BUSINESSKEY_FLAG`, `FIELD_COMMENTS`, `DATA_HASH`) VALUES('cf54ca98614211ebb073005056ba5dec','JYLX','hyphenSplitter(${value})','2','1','0','1','0','交易类型',NULL,NULL,'7ec5aa934d4d477ab697781add1a2c25','1','0','交易类型',NULL);
INSERT INTO `gp_bm_id_fielddata` (`GUID`, `FIELD_NAME`, `UMW_EXPRESSION`, `U_DATATYPE`, `UPDATE_WAY`, `UNIQUEKEY_FLAG`, `UPDATE_FLAG`, `FILTER_FLAG`, `FILLER1`, `FILLER2`, `FILLER3`, `PGUID`, `LIMIT_FLAG`, `BUSINESSKEY_FLAG`, `FIELD_COMMENTS`, `DATA_HASH`) VALUES('cf54cacf614211ebb073005056ba5dec','DBRZJDM','nvl(${value}, \"\")','2','1','0','1','0','担保人证件代码',NULL,NULL,'7ec5aa934d4d477ab697781add1a2c25','1','1','担保人证件代码',NULL);
INSERT INTO `gp_bm_id_fielddata` (`GUID`, `FIELD_NAME`, `UMW_EXPRESSION`, `U_DATATYPE`, `UPDATE_WAY`, `UNIQUEKEY_FLAG`, `UPDATE_FLAG`, `FILTER_FLAG`, `FILLER1`, `FILLER2`, `FILLER3`, `PGUID`, `LIMIT_FLAG`, `BUSINESSKEY_FLAG`, `FIELD_COMMENTS`, `DATA_HASH`) VALUES('cf54cb28614211ebb073005056ba5dec','DATA_RPT_DATE','getImportParam(\"dataRptDate\")','2','1','0','1','0','报表日期',NULL,NULL,'7ec5aa934d4d477ab697781add1a2c25',NULL,'0','报表日期',NULL);




#单位  MS
INSERT INTO `gp_bm_id_fielddata` (`GUID`, `FIELD_NAME`, `UMW_EXPRESSION`, `U_DATATYPE`, `UPDATE_WAY`, `UNIQUEKEY_FLAG`, `UPDATE_FLAG`, `FILTER_FLAG`, `FILLER1`, `FILLER2`, `FILLER3`, `PGUID`, `LIMIT_FLAG`, `BUSINESSKEY_FLAG`, `FIELD_COMMENTS`, `DATA_HASH`) VALUES('2f801c08e15844dcaf51e57d5347f09d','RSV1','${value}','2','1','0','1','0',NULL,NULL,NULL,'e7f4859e40334c33b584201174695051',NULL,'0','担保方式',NULL);
INSERT INTO `gp_bm_id_fielddata` (`GUID`, `FIELD_NAME`, `UMW_EXPRESSION`, `U_DATATYPE`, `UPDATE_WAY`, `UNIQUEKEY_FLAG`, `UPDATE_FLAG`, `FILTER_FLAG`, `FILLER1`, `FILLER2`, `FILLER3`, `PGUID`, `LIMIT_FLAG`, `BUSINESSKEY_FLAG`, `FIELD_COMMENTS`, `DATA_HASH`) VALUES('475a09902edf46b9bd14e75c62d53b06','RSV1','${value}','2','1','0','1','0',NULL,NULL,NULL,'384af3f7eb134bd2b3dce493250c4835',NULL,'0','客户编号',NULL);
INSERT INTO `gp_bm_id_fielddata` (`GUID`, `FIELD_NAME`, `UMW_EXPRESSION`, `U_DATATYPE`, `UPDATE_WAY`, `UNIQUEKEY_FLAG`, `UPDATE_FLAG`, `FILTER_FLAG`, `FILLER1`, `FILLER2`, `FILLER3`, `PGUID`, `LIMIT_FLAG`, `BUSINESSKEY_FLAG`, `FIELD_COMMENTS`, `DATA_HASH`) VALUES('997520c5a7064bd99e5b8b17bd1fd9b5','RSV1','${value}','2','1','0','1','0',NULL,NULL,NULL,'e3ea7351556a4cc6af36b1efc8c68ca8',NULL,'0','客户编号',NULL);
INSERT INTO `gp_bm_id_fielddata` (`GUID`, `FIELD_NAME`, `UMW_EXPRESSION`, `U_DATATYPE`, `UPDATE_WAY`, `UNIQUEKEY_FLAG`, `UPDATE_FLAG`, `FILTER_FLAG`, `FILLER1`, `FILLER2`, `FILLER3`, `PGUID`, `LIMIT_FLAG`, `BUSINESSKEY_FLAG`, `FIELD_COMMENTS`, `DATA_HASH`) VALUES('9feab933846c45f59976e76d8cba2612','RSV1','${value}','2','1','0','1','0',NULL,NULL,NULL,'45dd493f06c44f26845b58e101ab3483',NULL,'0','客户编号',NULL);
INSERT INTO `gp_bm_id_fielddata` (`GUID`, `FIELD_NAME`, `UMW_EXPRESSION`, `U_DATATYPE`, `UPDATE_WAY`, `UNIQUEKEY_FLAG`, `UPDATE_FLAG`, `FILTER_FLAG`, `FILLER1`, `FILLER2`, `FILLER3`, `PGUID`, `LIMIT_FLAG`, `BUSINESSKEY_FLAG`, `FIELD_COMMENTS`, `DATA_HASH`) VALUES('cab487ae1d6e4c00b9ac5f17a61daabe','RSV2','${value}','2','1','0','1','0',NULL,NULL,NULL,'45dd493f06c44f26845b58e101ab3483',NULL,'0','CBclass',NULL);

INSERT INTO `gp_bm_template_export` (`DATA_ID`, `FUNCID`, `FUNC_NAME`, `TABLE_NAME`, `TABLE_COMMENTS`, `COLUMN_NAME`, `COLUMN_COMMENTS`, `IS_NEED`, `SEQ_NO`, `NUM`, `IS_RELATION`, `GUID`, `HAS_SQL`, `RSV1`, `RSV2`, `RSV3`, `RSV4`, `RSV5`, `TSK_MESSAGE`) VALUES('2d9ae612e5154446bf12fd1096f48e03','gfdr_00010201','担保合同信息补录','GFDR_PM_DBHTXX','担保合同信息','RSV1','担保方式','Y','20','20','Y','e7f4859e40334c33b584201174695051','N',NULL,NULL,NULL,NULL,NULL,NULL);
INSERT INTO `gp_bm_template_export` (`DATA_ID`, `FUNCID`, `FUNC_NAME`, `TABLE_NAME`, `TABLE_COMMENTS`, `COLUMN_NAME`, `COLUMN_COMMENTS`, `IS_NEED`, `SEQ_NO`, `NUM`, `IS_RELATION`, `GUID`, `HAS_SQL`, `RSV1`, `RSV2`, `RSV3`, `RSV4`, `RSV5`, `TSK_MESSAGE`) VALUES('b0cee8250f6f480f9e37a46c4e376133','gfdr_00020101','非同业单位客户基础信息补录','GFDR_PM_FTYKHX','非同业单位客户基础信息','RSV2','CBclass','Y','32','32','Y','45dd493f06c44f26845b58e101ab3483','N',NULL,NULL,NULL,NULL,NULL,NULL);
INSERT INTO `gp_bm_template_export` (`DATA_ID`, `FUNCID`, `FUNC_NAME`, `TABLE_NAME`, `TABLE_COMMENTS`, `COLUMN_NAME`, `COLUMN_COMMENTS`, `IS_NEED`, `SEQ_NO`, `NUM`, `IS_RELATION`, `GUID`, `HAS_SQL`, `RSV1`, `RSV2`, `RSV3`, `RSV4`, `RSV5`, `TSK_MESSAGE`) VALUES('bb6c92ff61574a08acf7523d58e27749','gfdr_00010101','存量单位贷款信息补录','GFDR_PM_CLDWDK','存量单位贷款信息','RSV1','客户编号','Y','34','34','Y','384af3f7eb134bd2b3dce493250c4835','N',NULL,NULL,NULL,NULL,NULL,NULL);
INSERT INTO `gp_bm_template_export` (`DATA_ID`, `FUNCID`, `FUNC_NAME`, `TABLE_NAME`, `TABLE_COMMENTS`, `COLUMN_NAME`, `COLUMN_COMMENTS`, `IS_NEED`, `SEQ_NO`, `NUM`, `IS_RELATION`, `GUID`, `HAS_SQL`, `RSV1`, `RSV2`, `RSV3`, `RSV4`, `RSV5`, `TSK_MESSAGE`) VALUES('f344f74256b64d159011329aeed53a2a','gfdr_00020101','非同业单位客户基础信息补录','GFDR_PM_FTYKHX','非同业单位客户基础信息','RSV1','客户编号','Y','31','31','Y','45dd493f06c44f26845b58e101ab3483','N',NULL,NULL,NULL,NULL,NULL,NULL);
INSERT INTO `gp_bm_template_export` (`DATA_ID`, `FUNCID`, `FUNC_NAME`, `TABLE_NAME`, `TABLE_COMMENTS`, `COLUMN_NAME`, `COLUMN_COMMENTS`, `IS_NEED`, `SEQ_NO`, `NUM`, `IS_RELATION`, `GUID`, `HAS_SQL`, `RSV1`, `RSV2`, `RSV3`, `RSV4`, `RSV5`, `TSK_MESSAGE`) VALUES('f4187e80ff25472dbcc9f3a3c9b99eea','gfdr_00010401','单位贷款发生额信息补录','GFDR_PM_DWDKFS','单位贷款发生额信息','RSV1','客户编号','Y','36','36','Y','e3ea7351556a4cc6af36b1efc8c68ca8','N',NULL,NULL,NULL,NULL,NULL,NULL);



# 委托贷款发生额  与存量委托贷款的 客户编号字段配置
DELETE FROM gp_bm_id_fielddata WHERE guid IN (
'4015d96771c011ebb073005056ba5dec',
'48fc75e871c011ebb073005056ba5dec',
'cf7a43ac71c011ebb073005056ba5dec',
'd4390f0071c011ebb073005056ba5dec');

DELETE FROM gp_bm_template_export WHERE data_id  IN(
'd90ba60871c111ebb073005056ba5dec',
'f296a89d71c111ebb073005056ba5dec',
'3bf8e99871c211ebb073005056ba5dec',
'40b49abc71c211ebb073005056ba5dec');



INSERT INTO `gp_bm_id_fielddata` (`GUID`, `FIELD_NAME`, `UMW_EXPRESSION`, `U_DATATYPE`, `UPDATE_WAY`, `UNIQUEKEY_FLAG`, `UPDATE_FLAG`, `FILTER_FLAG`, `FILLER1`, `FILLER2`, `FILLER3`, `PGUID`, `LIMIT_FLAG`, `BUSINESSKEY_FLAG`, `FIELD_COMMENTS`, `DATA_HASH`) 
VALUES('4015d96771c011ebb073005056ba5dec','RSV1','${value}','2','1','0','1','0','借款CustomerID ',NULL,NULL,'486602534d6045ef93ed84fb489d4589','1','0','借款CustomerID ',NULL);

INSERT INTO `gp_bm_id_fielddata` (`GUID`, `FIELD_NAME`, `UMW_EXPRESSION`, `U_DATATYPE`, `UPDATE_WAY`, `UNIQUEKEY_FLAG`, `UPDATE_FLAG`, `FILTER_FLAG`, `FILLER1`, `FILLER2`, `FILLER3`, `PGUID`, `LIMIT_FLAG`, `BUSINESSKEY_FLAG`, `FIELD_COMMENTS`, `DATA_HASH`) 
VALUES('48fc75e871c011ebb073005056ba5dec','RSV2','${value}','2','1','0','1','0','委托CustomerID ',NULL,NULL,'486602534d6045ef93ed84fb489d4589','1','0','委托CustomerID ',NULL);



INSERT INTO `gp_bm_id_fielddata` (`GUID`, `FIELD_NAME`, `UMW_EXPRESSION`, `U_DATATYPE`, `UPDATE_WAY`, `UNIQUEKEY_FLAG`, `UPDATE_FLAG`, `FILTER_FLAG`, `FILLER1`, `FILLER2`, `FILLER3`, `PGUID`, `LIMIT_FLAG`, `BUSINESSKEY_FLAG`, `FIELD_COMMENTS`, `DATA_HASH`) 
VALUES('cf7a43ac71c011ebb073005056ba5dec','RSV1','${value}','2','1','0','1','0','借款CustomerID',NULL,NULL,'07e0b842b47247718ab798b41998d1b0','1','0','借款CustomerID',NULL);

INSERT INTO `gp_bm_id_fielddata` (`GUID`, `FIELD_NAME`, `UMW_EXPRESSION`, `U_DATATYPE`, `UPDATE_WAY`, `UNIQUEKEY_FLAG`, `UPDATE_FLAG`, `FILTER_FLAG`, `FILLER1`, `FILLER2`, `FILLER3`, `PGUID`, `LIMIT_FLAG`, `BUSINESSKEY_FLAG`, `FIELD_COMMENTS`, `DATA_HASH`) 
VALUES('d4390f0071c011ebb073005056ba5dec','RSV2','${value}','2','1','0','1','0','委托CustomerID',NULL,NULL,'07e0b842b47247718ab798b41998d1b0','1','0','委托CustomerID',NULL);



INSERT INTO `gp_bm_template_export` (`DATA_ID`, `FUNCID`, `FUNC_NAME`, `TABLE_NAME`, `TABLE_COMMENTS`, `COLUMN_NAME`, `COLUMN_COMMENTS`, `IS_NEED`, `SEQ_NO`, `NUM`, `IS_RELATION`, `GUID`, `HAS_SQL`, `RSV1`, `RSV2`, `RSV3`, `RSV4`, `RSV5`, `TSK_MESSAGE`) 
VALUES('d90ba60871c111ebb073005056ba5dec','gfdr_00011001','存量委托贷款信息补录','GFDR_PM_CLWTDK','存量委托贷款信息','RSV1','借款CustomerID','Y','35','35','Y','486602534d6045ef93ed84fb489d4589','N','auto_generator','gfdr',NULL,NULL,NULL,NULL);

INSERT INTO `gp_bm_template_export` (`DATA_ID`, `FUNCID`, `FUNC_NAME`, `TABLE_NAME`, `TABLE_COMMENTS`, `COLUMN_NAME`, `COLUMN_COMMENTS`, `IS_NEED`, `SEQ_NO`, `NUM`, `IS_RELATION`, `GUID`, `HAS_SQL`, `RSV1`, `RSV2`, `RSV3`, `RSV4`, `RSV5`, `TSK_MESSAGE`) 
VALUES('f296a89d71c111ebb073005056ba5dec','gfdr_00011001','存量委托贷款信息补录','GFDR_PM_CLWTDK','存量委托贷款信息','RSV1','委托CustomerID','Y','36','36','Y','486602534d6045ef93ed84fb489d4589','N','auto_generator','gfdr',NULL,NULL,NULL,NULL);


INSERT INTO `gp_bm_template_export` (`DATA_ID`, `FUNCID`, `FUNC_NAME`, `TABLE_NAME`, `TABLE_COMMENTS`, `COLUMN_NAME`, `COLUMN_COMMENTS`, `IS_NEED`, `SEQ_NO`, `NUM`, `IS_RELATION`, `GUID`, `HAS_SQL`, `RSV1`, `RSV2`, `RSV3`, `RSV4`, `RSV5`, `TSK_MESSAGE`) 
VALUES('3bf8e99871c211ebb073005056ba5dec','gfdr_00011101','委托贷款发生额信息补录','GFDR_PM_WTDKFS','委托贷款发生额信息','RSV1','借款CustomerID','Y','34','34','Y','07e0b842b47247718ab798b41998d1b0','N','auto_generator','gfdr',NULL,NULL,NULL,NULL);

INSERT INTO `gp_bm_template_export` (`DATA_ID`, `FUNCID`, `FUNC_NAME`, `TABLE_NAME`, `TABLE_COMMENTS`, `COLUMN_NAME`, `COLUMN_COMMENTS`, `IS_NEED`, `SEQ_NO`, `NUM`, `IS_RELATION`, `GUID`, `HAS_SQL`, `RSV1`, `RSV2`, `RSV3`, `RSV4`, `RSV5`, `TSK_MESSAGE`) 
VALUES('40b49abc71c211ebb073005056ba5dec','gfdr_00011101','委托贷款发生额信息补录','GFDR_PM_WTDKFS','委托贷款发生额信息','RSV2','委托CustomerID','Y','35','35','Y','07e0b842b47247718ab798b41998d1b0','N','auto_generator','gfdr',NULL,NULL,NULL,NULL);






