UPDATE gp_bm_inq_cfg SET SQL_ID = 'RtmsRptRevise_109', SQL_STRING = 'select gbti.TLRNO as USER_ID, gbti.TLR_NAME as USER_NAME,prg.USER_GROUP_NAME
from GP_BM_TLR_INFO gbti
    left join pm_rms_group_user prgu on gbti.TLRNO = prgu.USER_ID
    left join pm_rms_group prg on prg.DATA_ID = prgu.USER_GROUP_ID
where TLRNO like ''%''||:"userId"||''%'' and TLR_NAME like ''%''||:"userName"||''%''
and prg.USER_GROUP_NAME like ''%''||:"userGroupName"||''%''' WHERE DATA_ID = 'RtmsRptRevise_109';
UPDATE gp_bm_inq_cfg SET SQL_ID = 'RtmsTaskMng_001', SQL_STRING = 'SELECT TASK.TASK_NAME,
       BR.BRNAME          AS ORG_NAME,
       TASK.DATA_CRT_DATE AS TASK_TIME,
       RPT.RPT_PROD_TYPE,
       RPT.RPT_TO,
       RPT.RPT_FREQUENCY,
       TASK.RPT_DATE,
       RPT.RPT_NAME,
       OP.OP_NAME,
       AR.ALERT_RULE_NAME,
       TASK.DATA_ID,
       TASK.DATA_CRT_TIME,
       TASK.TASK_STATUS,
       TASK.ALERT_STATUS,
       TASK.INTERNAL_LIMIT_TIME,
       TASK.LIMIT_TIME,
       (select group_concat(RB.USER_NAME separator '','') from PM_RTMS_RPT_BIND RB where TASK.OP_ID=RB.OP_ID AND TASK.RPT_ID=RB.RPT_ID AND TASK.OP_GROUP_ID=RB.OP_GROUP_ID) user_list
FROM PM_RTMS_TASK TASK
         INNER JOIN PM_RTMS_RPT RPT ON TASK.RPT_ID = RPT.DATA_ID
         INNER JOIN PM_RTMS_OP OP ON TASK.OP_ID = OP.DATA_ID
         INNER JOIN GP_BM_BRANCH BR ON TASK.ORG_ID = BR.BRCODE
         INNER JOIN PM_RTMS_ALERT_RULE AR ON TASK.ALERT_RULE_ID = AR.DATA_ID
WHERE 1 = 1
          AND TASK.Data_Crt_Date >= :"taskBeginDate"
          AND TASK.Data_Crt_Date <= :"taskEndDate"
          AND RPT.RPT_PROD_TYPE LIKE ''%'' || :"rptProdType" || ''%''
          AND RPT.RPT_FREQUENCY = :"rptFrequency"
          AND RPT.RPT_TO = :"rptTo"
          AND RPT.RPT_NAME LIKE ''%'' || :"rptName" || ''%''
          AND BR.BRNAME LIKE ''%'' || :"orgName" || ''%''
          AND TASK.RPT_DATE = :"rptDate"
          AND TASK.TASK_STATUS = :"taskStatus"
          AND TASK.ALERT_STATUS = :"alertStatus"
          and RPT.ORG_ID = :"v_brno"
ORDER BY TASK.DATA_CRT_TIME DESC' WHERE DATA_ID = 'RtmsTaskMng_001';


-- 新增用户三个 配置角色
INSERT INTO gp_bm_tlr_info (DATA_ID, DATA_DATE, CORP_ID, ORG_ID, GROUP_ID, TLRNO, TLR_NAME, TLR_TYPE, AGENT_TYPE, PASSWORD, PASSWD_ENC, CHEK_DPWD_FLG, BRCODE, BRNO, ROLE_ID, LOGIN_IP, STATUS, ST, IS_LOCK, LOCK_REASON, LAST_ACCESS_TIME, LAST_LOGOUT_TIME, LAST_FAILED_TIME, PSWD_ERR_CNT, TOT_PSWD_ERR_CNT, PSWD_ERR_DATE, FAIL_MAX_CNT, PASSWD_CHG_INTERVA, PASSWD_WARN_INTERVAL, LAST_PWD_CHG_TIME, SESSION_ID, MSRNO, FLAG, CREDATE_DATE, LAST_UPD_OPR_ID, LAST_UPD_TIME, EFFECT_DATE, EXPIRE_DATE, EMAIL, MISC, DEPARTMENT_CODE, EXT_TLRNO, ID_NUMBER, JOIN_DATE, LEAVE_DATE, INNER_FLAG, NEXT_ACTION, DATA_STATUS, DATA_FLAG, DATA_SOURCE, CHECK_FLAG, CHECK_DESC, CHECK_ERR_TYPE, DATA_VERSION, DATA_REJ_DESC, DATA_DEL_DESC, DATA_CRT_USER, DATA_CRT_DATE, DATA_CRT_TIME, DATA_CHG_USER, DATA_CHG_DATE, DATA_CHG_TIME, DATA_APV_USER, DATA_APV_DATE, DATA_APV_TIME, RSV1, RSV2, RSV3, RSV4, RSV5, REMARKS, GPMS_NEXTACTION) VALUES ('0b34059638854a11a1c08c73f5de37c', '20161102', 'HSBC', '9999', 'HZ', '34059638', 'Rachel J LIU', null, null, '$2a$10$LndR3LxyfLrCUKZjlgfM7ut25L2neQqoNwYo/FxRgIWuboawkgk9e', 'bcrypt', null, '9999', '9999', null, '0:0:0:0:0:0:0:1', '0', '4', '0', null, '20210222212244', '20201124104844', '20201112091353', 0, 0, null, null, null, null, '20200610181538', '8236C0DE357D52DD805A361D2C2020E4', null, '1', '20160906', 'admin1', '20210222212244', null, null, 'bin.yang@gingkoo.com', null, null, null, null, null, null, null, '99', '04', null, null, null, null, null, null, null, null, '1', null, null, 'admin1', '20191128', '20191128104234', 'admin', '20191128', '20191128104304', '20191216114615', '0', null, null, 'lpsCkj5VgWkM0iJwNweANA', null, '21');
INSERT INTO gp_bm_tlr_info (DATA_ID, DATA_DATE, CORP_ID, ORG_ID, GROUP_ID, TLRNO, TLR_NAME, TLR_TYPE, AGENT_TYPE, PASSWORD, PASSWD_ENC, CHEK_DPWD_FLG, BRCODE, BRNO, ROLE_ID, LOGIN_IP, STATUS, ST, IS_LOCK, LOCK_REASON, LAST_ACCESS_TIME, LAST_LOGOUT_TIME, LAST_FAILED_TIME, PSWD_ERR_CNT, TOT_PSWD_ERR_CNT, PSWD_ERR_DATE, FAIL_MAX_CNT, PASSWD_CHG_INTERVA, PASSWD_WARN_INTERVAL, LAST_PWD_CHG_TIME, SESSION_ID, MSRNO, FLAG, CREDATE_DATE, LAST_UPD_OPR_ID, LAST_UPD_TIME, EFFECT_DATE, EXPIRE_DATE, EMAIL, MISC, DEPARTMENT_CODE, EXT_TLRNO, ID_NUMBER, JOIN_DATE, LEAVE_DATE, INNER_FLAG, NEXT_ACTION, DATA_STATUS, DATA_FLAG, DATA_SOURCE, CHECK_FLAG, CHECK_DESC, CHECK_ERR_TYPE, DATA_VERSION, DATA_REJ_DESC, DATA_DEL_DESC, DATA_CRT_USER, DATA_CRT_DATE, DATA_CRT_TIME, DATA_CHG_USER, DATA_CHG_DATE, DATA_CHG_TIME, DATA_APV_USER, DATA_APV_DATE, DATA_APV_TIME, RSV1, RSV2, RSV3, RSV4, RSV5, REMARKS, GPMS_NEXTACTION) VALUES ('0b43161276854a11a1c08c73f5de37c', '20161102', 'HSBC', '9999', 'HZ', '43161276', 'Xiya S Y SHEN', null, null, '$2a$10$LndR3LxyfLrCUKZjlgfM7ut25L2neQqoNwYo/FxRgIWuboawkgk9e', 'bcrypt', null, '9999', '9999', null, '0:0:0:0:0:0:0:1', '0', '4', '0', null, '20210222212244', '20201124104844', '20201112091353', 0, 0, null, null, null, null, '20200610181538', '8236C0DE357D52DD805A361D2C2020E4', null, '1', '20160906', 'admin1', '20210222212244', null, null, 'bin.yang@gingkoo.com', null, null, null, null, null, null, null, '99', '04', null, null, null, null, null, null, null, null, '1', null, null, 'admin1', '20191128', '20191128104234', 'admin', '20191128', '20191128104304', '20191216114615', '0', null, null, 'lpsCkj5VgWkM0iJwNweANA', null, '21');
INSERT INTO gp_bm_tlr_info (DATA_ID, DATA_DATE, CORP_ID, ORG_ID, GROUP_ID, TLRNO, TLR_NAME, TLR_TYPE, AGENT_TYPE, PASSWORD, PASSWD_ENC, CHEK_DPWD_FLG, BRCODE, BRNO, ROLE_ID, LOGIN_IP, STATUS, ST, IS_LOCK, LOCK_REASON, LAST_ACCESS_TIME, LAST_LOGOUT_TIME, LAST_FAILED_TIME, PSWD_ERR_CNT, TOT_PSWD_ERR_CNT, PSWD_ERR_DATE, FAIL_MAX_CNT, PASSWD_CHG_INTERVA, PASSWD_WARN_INTERVAL, LAST_PWD_CHG_TIME, SESSION_ID, MSRNO, FLAG, CREDATE_DATE, LAST_UPD_OPR_ID, LAST_UPD_TIME, EFFECT_DATE, EXPIRE_DATE, EMAIL, MISC, DEPARTMENT_CODE, EXT_TLRNO, ID_NUMBER, JOIN_DATE, LEAVE_DATE, INNER_FLAG, NEXT_ACTION, DATA_STATUS, DATA_FLAG, DATA_SOURCE, CHECK_FLAG, CHECK_DESC, CHECK_ERR_TYPE, DATA_VERSION, DATA_REJ_DESC, DATA_DEL_DESC, DATA_CRT_USER, DATA_CRT_DATE, DATA_CRT_TIME, DATA_CHG_USER, DATA_CHG_DATE, DATA_CHG_TIME, DATA_APV_USER, DATA_APV_DATE, DATA_APV_TIME, RSV1, RSV2, RSV3, RSV4, RSV5, REMARKS, GPMS_NEXTACTION) VALUES ('0b43391633854a11a1c08c73f5de37c', '20161102', 'HSBC', '9999', 'HZ', '43391633', 'Amy J L BAO', null, null, '$2a$10$LndR3LxyfLrCUKZjlgfM7ut25L2neQqoNwYo/FxRgIWuboawkgk9e', 'bcrypt', null, '9999', '9999', null, '0:0:0:0:0:0:0:1', '0', '4', '0', null, '20210222212244', '20201124104844', '20201112091353', 0, 0, null, null, null, null, '20200610181538', '8236C0DE357D52DD805A361D2C2020E4', null, '1', '20160906', 'admin1', '20210222212244', null, null, 'bin.yang@gingkoo.com', null, null, null, null, null, null, null, '99', '04', null, null, null, null, null, null, null, null, '1', null, null, 'admin1', '20191128', '20191128104234', 'admin', '20191128', '20191128104304', '20191216114615', '0', null, null, 'lpsCkj5VgWkM0iJwNweANA', null, '21');

INSERT INTO gp_bm_tlr_role_rel (DATA_ID, TLRNO, ROLE_ID, STATUS, RSV5, CORP_ID, ORG_ID, GROUP_ID, CHECK_FLAG, CHECK_DESC, CHECK_ERR_TYPE, NEXT_ACTION, DATA_STATUS, DATA_FLAG, DATA_SOURCE, DATA_VERSION, DATA_REJ_DESC, DATA_DEL_DESC, DATA_CRT_USER, DATA_CRT_DATE, DATA_CRT_TIME, DATA_CHG_USER, DATA_CHG_DATE, DATA_CHG_TIME, DATA_APV_USER, DATA_APV_DATE, DATA_APV_TIME, RSV1, RSV2, RSV3, RSV4, REMARKS, DATA_DATE, BUSINESS_LINE) VALUES ('2314e38f58e2494ebed7b23a993a8e7c', '43161276', '9df488c5ab024f99ba09f62e6aca38e1', null, null, 'HSBC', '9999', 'HZ', null, null, null, null, null, null, null, 1, null, null, 'admin', '20210301', '20210301145303', null, null, null, null, null, null, null, null, null, null, null, '20210301', null);
INSERT INTO gp_bm_tlr_role_rel (DATA_ID, TLRNO, ROLE_ID, STATUS, RSV5, CORP_ID, ORG_ID, GROUP_ID, CHECK_FLAG, CHECK_DESC, CHECK_ERR_TYPE, NEXT_ACTION, DATA_STATUS, DATA_FLAG, DATA_SOURCE, DATA_VERSION, DATA_REJ_DESC, DATA_DEL_DESC, DATA_CRT_USER, DATA_CRT_DATE, DATA_CRT_TIME, DATA_CHG_USER, DATA_CHG_DATE, DATA_CHG_TIME, DATA_APV_USER, DATA_APV_DATE, DATA_APV_TIME, RSV1, RSV2, RSV3, RSV4, REMARKS, DATA_DATE, BUSINESS_LINE) VALUES ('55125d0ea69f4f27b28288bd4245a97e', '34059638', '9df488c5ab024f99ba09f62e6aca38e1', null, null, 'HSBC', '9999', 'HZ', null, null, null, null, null, null, null, 1, null, null, 'admin', '20210301', '20210301145246', null, null, null, null, null, null, null, null, null, null, null, '20210301', null);
INSERT INTO gp_bm_tlr_role_rel (DATA_ID, TLRNO, ROLE_ID, STATUS, RSV5, CORP_ID, ORG_ID, GROUP_ID, CHECK_FLAG, CHECK_DESC, CHECK_ERR_TYPE, NEXT_ACTION, DATA_STATUS, DATA_FLAG, DATA_SOURCE, DATA_VERSION, DATA_REJ_DESC, DATA_DEL_DESC, DATA_CRT_USER, DATA_CRT_DATE, DATA_CRT_TIME, DATA_CHG_USER, DATA_CHG_DATE, DATA_CHG_TIME, DATA_APV_USER, DATA_APV_DATE, DATA_APV_TIME, RSV1, RSV2, RSV3, RSV4, REMARKS, DATA_DATE, BUSINESS_LINE) VALUES ('63d04a562f504d12b456b8686b10bc1f', '43161276', 'dbdcd4d8efc5466d8ec5d27ac93c1159', null, null, 'HSBC', '9999', 'HZ', null, null, null, null, null, null, null, 1, null, null, 'admin', '20210301', '20210301145303', null, null, null, null, null, null, null, null, null, null, null, '20210301', null);
INSERT INTO gp_bm_tlr_role_rel (DATA_ID, TLRNO, ROLE_ID, STATUS, RSV5, CORP_ID, ORG_ID, GROUP_ID, CHECK_FLAG, CHECK_DESC, CHECK_ERR_TYPE, NEXT_ACTION, DATA_STATUS, DATA_FLAG, DATA_SOURCE, DATA_VERSION, DATA_REJ_DESC, DATA_DEL_DESC, DATA_CRT_USER, DATA_CRT_DATE, DATA_CRT_TIME, DATA_CHG_USER, DATA_CHG_DATE, DATA_CHG_TIME, DATA_APV_USER, DATA_APV_DATE, DATA_APV_TIME, RSV1, RSV2, RSV3, RSV4, REMARKS, DATA_DATE, BUSINESS_LINE) VALUES ('70565f861e0048aeb23a12ce45afad48', '34059638', 'dbdcd4d8efc5466d8ec5d27ac93c1159', null, null, 'HSBC', '9999', 'HZ', null, null, null, null, null, null, null, 1, null, null, 'admin', '20210301', '20210301145246', null, null, null, null, null, null, null, null, null, null, null, '20210301', null);
INSERT INTO gp_bm_tlr_role_rel (DATA_ID, TLRNO, ROLE_ID, STATUS, RSV5, CORP_ID, ORG_ID, GROUP_ID, CHECK_FLAG, CHECK_DESC, CHECK_ERR_TYPE, NEXT_ACTION, DATA_STATUS, DATA_FLAG, DATA_SOURCE, DATA_VERSION, DATA_REJ_DESC, DATA_DEL_DESC, DATA_CRT_USER, DATA_CRT_DATE, DATA_CRT_TIME, DATA_CHG_USER, DATA_CHG_DATE, DATA_CHG_TIME, DATA_APV_USER, DATA_APV_DATE, DATA_APV_TIME, RSV1, RSV2, RSV3, RSV4, REMARKS, DATA_DATE, BUSINESS_LINE) VALUES ('8c266bf774df428d8a34247ac0a3b785', '43391633', 'dbdcd4d8efc5466d8ec5d27ac93c1159', null, null, 'HSBC', '9999', 'HZ', null, null, null, null, null, null, null, 1, null, null, 'admin', '20210301', '20210301145314', null, null, null, null, null, null, null, null, null, null, null, '20210301', null);
INSERT INTO gp_bm_tlr_role_rel (DATA_ID, TLRNO, ROLE_ID, STATUS, RSV5, CORP_ID, ORG_ID, GROUP_ID, CHECK_FLAG, CHECK_DESC, CHECK_ERR_TYPE, NEXT_ACTION, DATA_STATUS, DATA_FLAG, DATA_SOURCE, DATA_VERSION, DATA_REJ_DESC, DATA_DEL_DESC, DATA_CRT_USER, DATA_CRT_DATE, DATA_CRT_TIME, DATA_CHG_USER, DATA_CHG_DATE, DATA_CHG_TIME, DATA_APV_USER, DATA_APV_DATE, DATA_APV_TIME, RSV1, RSV2, RSV3, RSV4, REMARKS, DATA_DATE, BUSINESS_LINE) VALUES ('dd5098b7b4304e07add4c5224c0f5a7b', '43391633', '9df488c5ab024f99ba09f62e6aca38e1', null, null, 'HSBC', '9999', 'HZ', null, null, null, null, null, null, null, 1, null, null, 'admin', '20210301', '20210301145314', null, null, null, null, null, null, null, null, null, null, null, '20210301', null);
-- 修改用户组配置
truncate table pm_rms_group;
INSERT INTO pm_rms_group (DATA_ID, DATA_DATE, CORP_ID, ORG_ID, GROUP_ID, INQ_ORG_ID, INQ_GROUP_ID, USER_GROUP_NAME, USER_GROUP_EMAIL, RESP_USER_LIST, CHECK_FLAG, CHECK_DESC, CHECK_ERR_TYPE, NEXT_ACTION, DATA_STATUS, DATA_FLAG, DATA_OP, DATA_SOURCE, DATA_VERSION, DATA_HASH, DATA_REJ_DESC, DATA_DEL_DESC, DATA_CRT_USER, DATA_CRT_DATE, DATA_CRT_TIME, DATA_CHG_USER, DATA_CHG_DATE, DATA_CHG_TIME, DATA_APV_USER, DATA_APV_DATE, DATA_APV_TIME, RSV1, RSV2, RSV3, RSV4, RSV5) VALUES ('1E0BAD6FDB9B4396B4D71EDF8647C3E8', null, null, null, null, null, null, 'COD', 'admin@gingkoo.com', 'Fankid He,Dai Ming', null, null, null, null, null, null, null, null, 0, null, null, null, 'admin', '20210226', '20210226114005', 'admin', '20210226', '20210226114005', null, null, null, null, null, null, null, null);
INSERT INTO pm_rms_group (DATA_ID, DATA_DATE, CORP_ID, ORG_ID, GROUP_ID, INQ_ORG_ID, INQ_GROUP_ID, USER_GROUP_NAME, USER_GROUP_EMAIL, RESP_USER_LIST, CHECK_FLAG, CHECK_DESC, CHECK_ERR_TYPE, NEXT_ACTION, DATA_STATUS, DATA_FLAG, DATA_OP, DATA_SOURCE, DATA_VERSION, DATA_HASH, DATA_REJ_DESC, DATA_DEL_DESC, DATA_CRT_USER, DATA_CRT_DATE, DATA_CRT_TIME, DATA_CHG_USER, DATA_CHG_DATE, DATA_CHG_TIME, DATA_APV_USER, DATA_APV_DATE, DATA_APV_TIME, RSV1, RSV2, RSV3, RSV4, RSV5) VALUES ('523A60CA1EB8495C9515AF0B0CDB5225', null, null, null, null, null, null, 'PB', 'admin@gingkoo.com', 'Jeff Xu,Cherry Shen', null, null, null, null, null, null, null, null, 0, null, null, null, '43449100', '20210225', '20210225200816', '43449100', '20210225', '20210225200816', null, null, null, null, null, null, null, null);
INSERT INTO pm_rms_group (DATA_ID, DATA_DATE, CORP_ID, ORG_ID, GROUP_ID, INQ_ORG_ID, INQ_GROUP_ID, USER_GROUP_NAME, USER_GROUP_EMAIL, RESP_USER_LIST, CHECK_FLAG, CHECK_DESC, CHECK_ERR_TYPE, NEXT_ACTION, DATA_STATUS, DATA_FLAG, DATA_OP, DATA_SOURCE, DATA_VERSION, DATA_HASH, DATA_REJ_DESC, DATA_DEL_DESC, DATA_CRT_USER, DATA_CRT_DATE, DATA_CRT_TIME, DATA_CHG_USER, DATA_CHG_DATE, DATA_CHG_TIME, DATA_APV_USER, DATA_APV_DATE, DATA_APV_TIME, RSV1, RSV2, RSV3, RSV4, RSV5) VALUES ('54016BB3752F4B5FA4EC8060CB8EB255', null, null, null, null, null, null, 'WPB', 'admin@gingkoo.com', 'Shi Qi S LI,Ashley DAVIES', null, null, null, null, null, null, null, null, 0, null, null, null, '43449100', '20210225', '20210225200816', '43449100', '20210225', '20210225200816', null, null, null, null, null, null, null, null);
INSERT INTO pm_rms_group (DATA_ID, DATA_DATE, CORP_ID, ORG_ID, GROUP_ID, INQ_ORG_ID, INQ_GROUP_ID, USER_GROUP_NAME, USER_GROUP_EMAIL, RESP_USER_LIST, CHECK_FLAG, CHECK_DESC, CHECK_ERR_TYPE, NEXT_ACTION, DATA_STATUS, DATA_FLAG, DATA_OP, DATA_SOURCE, DATA_VERSION, DATA_HASH, DATA_REJ_DESC, DATA_DEL_DESC, DATA_CRT_USER, DATA_CRT_DATE, DATA_CRT_TIME, DATA_CHG_USER, DATA_CHG_DATE, DATA_CHG_TIME, DATA_APV_USER, DATA_APV_DATE, DATA_APV_TIME, RSV1, RSV2, RSV3, RSV4, RSV5) VALUES ('579D224FFA5349B78D70D187C90332BC', null, null, null, null, null, null, 'GLCM', 'admin@gingkoo.com', 'Rachel J LIU', null, null, null, null, null, null, null, null, 0, null, null, null, '43449100', '20210225', '20210225200816', '43449100', '20210225', '20210225200816', null, null, null, null, null, null, null, null);
INSERT INTO pm_rms_group (DATA_ID, DATA_DATE, CORP_ID, ORG_ID, GROUP_ID, INQ_ORG_ID, INQ_GROUP_ID, USER_GROUP_NAME, USER_GROUP_EMAIL, RESP_USER_LIST, CHECK_FLAG, CHECK_DESC, CHECK_ERR_TYPE, NEXT_ACTION, DATA_STATUS, DATA_FLAG, DATA_OP, DATA_SOURCE, DATA_VERSION, DATA_HASH, DATA_REJ_DESC, DATA_DEL_DESC, DATA_CRT_USER, DATA_CRT_DATE, DATA_CRT_TIME, DATA_CHG_USER, DATA_CHG_DATE, DATA_CHG_TIME, DATA_APV_USER, DATA_APV_DATE, DATA_APV_TIME, RSV1, RSV2, RSV3, RSV4, RSV5) VALUES ('5E5E83DB86064FCFAEA061418241138D', null, null, null, null, null, null, 'GMO', 'admin@gingkoo.com', 'Maggie Pu,Boon Li', null, null, null, null, null, null, null, null, 0, null, null, null, '43449100', '20210225', '20210225200816', '43449100', '20210225', '20210225200816', null, null, null, null, null, null, null, null);
INSERT INTO pm_rms_group (DATA_ID, DATA_DATE, CORP_ID, ORG_ID, GROUP_ID, INQ_ORG_ID, INQ_GROUP_ID, USER_GROUP_NAME, USER_GROUP_EMAIL, RESP_USER_LIST, CHECK_FLAG, CHECK_DESC, CHECK_ERR_TYPE, NEXT_ACTION, DATA_STATUS, DATA_FLAG, DATA_OP, DATA_SOURCE, DATA_VERSION, DATA_HASH, DATA_REJ_DESC, DATA_DEL_DESC, DATA_CRT_USER, DATA_CRT_DATE, DATA_CRT_TIME, DATA_CHG_USER, DATA_CHG_DATE, DATA_CHG_TIME, DATA_APV_USER, DATA_APV_DATE, DATA_APV_TIME, RSV1, RSV2, RSV3, RSV4, RSV5) VALUES ('6B97970334F54D18ACE172DE4196CC47', null, null, null, null, null, null, 'FCC', 'admin@gingkoo.com', 'Shirley Xu,Ning GE', null, null, null, null, null, null, null, null, 0, null, null, null, '43449100', '20210225', '20210225200816', '43449100', '20210225', '20210225200816', null, null, null, null, null, null, null, null);
INSERT INTO pm_rms_group (DATA_ID, DATA_DATE, CORP_ID, ORG_ID, GROUP_ID, INQ_ORG_ID, INQ_GROUP_ID, USER_GROUP_NAME, USER_GROUP_EMAIL, RESP_USER_LIST, CHECK_FLAG, CHECK_DESC, CHECK_ERR_TYPE, NEXT_ACTION, DATA_STATUS, DATA_FLAG, DATA_OP, DATA_SOURCE, DATA_VERSION, DATA_HASH, DATA_REJ_DESC, DATA_DEL_DESC, DATA_CRT_USER, DATA_CRT_DATE, DATA_CRT_TIME, DATA_CHG_USER, DATA_CHG_DATE, DATA_CHG_TIME, DATA_APV_USER, DATA_APV_DATE, DATA_APV_TIME, RSV1, RSV2, RSV3, RSV4, RSV5) VALUES ('7CA97122342841AB85CCE421F1C03EE2', null, null, null, null, null, null, 'RC', 'admin@gingkoo.com', 'Monica Li,Freda Xiong,Eva Que,Amy Liao', null, null, null, null, null, null, null, null, 0, null, null, null, '43449100', '20210225', '20210225200816', '43449100', '20210225', '20210225200816', null, null, null, null, null, null, null, null);
INSERT INTO pm_rms_group (DATA_ID, DATA_DATE, CORP_ID, ORG_ID, GROUP_ID, INQ_ORG_ID, INQ_GROUP_ID, USER_GROUP_NAME, USER_GROUP_EMAIL, RESP_USER_LIST, CHECK_FLAG, CHECK_DESC, CHECK_ERR_TYPE, NEXT_ACTION, DATA_STATUS, DATA_FLAG, DATA_OP, DATA_SOURCE, DATA_VERSION, DATA_HASH, DATA_REJ_DESC, DATA_DEL_DESC, DATA_CRT_USER, DATA_CRT_DATE, DATA_CRT_TIME, DATA_CHG_USER, DATA_CHG_DATE, DATA_CHG_TIME, DATA_APV_USER, DATA_APV_DATE, DATA_APV_TIME, RSV1, RSV2, RSV3, RSV4, RSV5) VALUES ('A4F6A47B8A044B80BD9860B009C3CE38', null, null, null, null, null, null, 'FIN', 'admin@gingkoo.com', 'Maggie Chen,Ingrid Zhao,Kelly Zhang,Penny Peng', null, null, null, null, null, null, null, null, 0, null, null, null, '43449100', '20210225', '20210225200816', '43449100', '20210225', '20210225200816', null, null, null, null, null, null, null, null);
INSERT INTO pm_rms_group (DATA_ID, DATA_DATE, CORP_ID, ORG_ID, GROUP_ID, INQ_ORG_ID, INQ_GROUP_ID, USER_GROUP_NAME, USER_GROUP_EMAIL, RESP_USER_LIST, CHECK_FLAG, CHECK_DESC, CHECK_ERR_TYPE, NEXT_ACTION, DATA_STATUS, DATA_FLAG, DATA_OP, DATA_SOURCE, DATA_VERSION, DATA_HASH, DATA_REJ_DESC, DATA_DEL_DESC, DATA_CRT_USER, DATA_CRT_DATE, DATA_CRT_TIME, DATA_CHG_USER, DATA_CHG_DATE, DATA_CHG_TIME, DATA_APV_USER, DATA_APV_DATE, DATA_APV_TIME, RSV1, RSV2, RSV3, RSV4, RSV5) VALUES ('ABC6001E8B3D430DA404362C914FCF7A', null, null, null, null, null, null, 'GTRF', 'admin@gingkoo.com', 'Mars,Anne,Xiya S Y SHEN', null, null, null, null, null, null, null, null, 0, null, null, null, '43449100', '20210225', '20210225200816', '43449100', '20210225', '20210225200816', null, null, null, null, null, null, null, null);
INSERT INTO pm_rms_group (DATA_ID, DATA_DATE, CORP_ID, ORG_ID, GROUP_ID, INQ_ORG_ID, INQ_GROUP_ID, USER_GROUP_NAME, USER_GROUP_EMAIL, RESP_USER_LIST, CHECK_FLAG, CHECK_DESC, CHECK_ERR_TYPE, NEXT_ACTION, DATA_STATUS, DATA_FLAG, DATA_OP, DATA_SOURCE, DATA_VERSION, DATA_HASH, DATA_REJ_DESC, DATA_DEL_DESC, DATA_CRT_USER, DATA_CRT_DATE, DATA_CRT_TIME, DATA_CHG_USER, DATA_CHG_DATE, DATA_CHG_TIME, DATA_APV_USER, DATA_APV_DATE, DATA_APV_TIME, RSV1, RSV2, RSV3, RSV4, RSV5) VALUES ('F441940C4E12479688A034B37D1FBD0D', null, null, null, null, null, null, 'HSS', 'admin@gingkoo.com', 'Vicki Q Y ZHENG,Jolie J Y ZHU,Kate X X YANG,Kristine Z Z ZHOU', null, null, null, null, null, null, null, null, 0, null, null, null, '43449100', '20210225', '20210225200816', '43449100', '20210225', '20210225200816', null, null, null, null, null, null, null, null);
INSERT INTO pm_rms_group (DATA_ID, DATA_DATE, CORP_ID, ORG_ID, GROUP_ID, INQ_ORG_ID, INQ_GROUP_ID, USER_GROUP_NAME, USER_GROUP_EMAIL, RESP_USER_LIST, CHECK_FLAG, CHECK_DESC, CHECK_ERR_TYPE, NEXT_ACTION, DATA_STATUS, DATA_FLAG, DATA_OP, DATA_SOURCE, DATA_VERSION, DATA_HASH, DATA_REJ_DESC, DATA_DEL_DESC, DATA_CRT_USER, DATA_CRT_DATE, DATA_CRT_TIME, DATA_CHG_USER, DATA_CHG_DATE, DATA_CHG_TIME, DATA_APV_USER, DATA_APV_DATE, DATA_APV_TIME, RSV1, RSV2, RSV3, RSV4, RSV5) VALUES ('FE2F309D59A24305A0D11F29203343BD', null, null, null, null, null, null, 'OPS', 'admin@gingkoo.com', 'Cloud LI,James LIU', null, null, null, null, null, null, null, null, 0, null, null, null, '43449100', '20210225', '20210225200816', '43449100', '20210225', '20210225200816', null, null, null, null, null, null, null, null);
truncate table pm_rms_group_user;
INSERT INTO pm_rms_group_user (DATA_ID, DATA_DATE, CORP_ID, ORG_ID, GROUP_ID, INQ_ORG_ID, INQ_GROUP_ID, USER_GROUP_ID, USER_ID, USER_NAME, RESP_USER_FLAG, CHECK_FLAG, CHECK_DESC, CHECK_ERR_TYPE, NEXT_ACTION, DATA_STATUS, DATA_FLAG, DATA_OP, DATA_SOURCE, DATA_VERSION, DATA_HASH, DATA_REJ_DESC, DATA_DEL_DESC, DATA_CRT_USER, DATA_CRT_DATE, DATA_CRT_TIME, DATA_CHG_USER, DATA_CHG_DATE, DATA_CHG_TIME, DATA_APV_USER, DATA_APV_DATE, DATA_APV_TIME, RSV1, RSV2, RSV3, RSV4, RSV5) VALUES ('13060A4BF3514AC5803F45C72F1F03B5', null, null, null, null, null, null, '54016BB3752F4B5FA4EC8060CB8EB255', '43576635', 'Ashley DAVIES', 'Y', null, null, null, null, null, null, null, null, 0, null, null, null, '43449100', '20210225', '20210225200817', '43449100', '20210225', '20210225200817', null, null, null, null, null, null, null, null);
INSERT INTO pm_rms_group_user (DATA_ID, DATA_DATE, CORP_ID, ORG_ID, GROUP_ID, INQ_ORG_ID, INQ_GROUP_ID, USER_GROUP_ID, USER_ID, USER_NAME, RESP_USER_FLAG, CHECK_FLAG, CHECK_DESC, CHECK_ERR_TYPE, NEXT_ACTION, DATA_STATUS, DATA_FLAG, DATA_OP, DATA_SOURCE, DATA_VERSION, DATA_HASH, DATA_REJ_DESC, DATA_DEL_DESC, DATA_CRT_USER, DATA_CRT_DATE, DATA_CRT_TIME, DATA_CHG_USER, DATA_CHG_DATE, DATA_CHG_TIME, DATA_APV_USER, DATA_APV_DATE, DATA_APV_TIME, RSV1, RSV2, RSV3, RSV4, RSV5) VALUES ('160C7171833C452C9D46463F669130CD', null, null, null, null, null, null, 'ABC6001E8B3D430DA404362C914FCF7A', '34030365', 'Mars', 'Y', null, null, null, null, null, null, null, null, 0, null, null, null, null, null, null, null, null, null, null, null, null, null, null, null, null, null);
INSERT INTO pm_rms_group_user (DATA_ID, DATA_DATE, CORP_ID, ORG_ID, GROUP_ID, INQ_ORG_ID, INQ_GROUP_ID, USER_GROUP_ID, USER_ID, USER_NAME, RESP_USER_FLAG, CHECK_FLAG, CHECK_DESC, CHECK_ERR_TYPE, NEXT_ACTION, DATA_STATUS, DATA_FLAG, DATA_OP, DATA_SOURCE, DATA_VERSION, DATA_HASH, DATA_REJ_DESC, DATA_DEL_DESC, DATA_CRT_USER, DATA_CRT_DATE, DATA_CRT_TIME, DATA_CHG_USER, DATA_CHG_DATE, DATA_CHG_TIME, DATA_APV_USER, DATA_APV_DATE, DATA_APV_TIME, RSV1, RSV2, RSV3, RSV4, RSV5) VALUES ('23F96E68387943DDBF133D919B57B187', null, null, null, null, null, null, 'A4F6A47B8A044B80BD9860B009C3CE38', '45084893', 'Ingrid Zhao', 'N', null, null, null, null, null, null, null, null, 0, null, null, null, '43449100', '20210225', '20210225200817', '43449100', '20210225', '20210225200817', null, null, null, null, null, null, null, null);
INSERT INTO pm_rms_group_user (DATA_ID, DATA_DATE, CORP_ID, ORG_ID, GROUP_ID, INQ_ORG_ID, INQ_GROUP_ID, USER_GROUP_ID, USER_ID, USER_NAME, RESP_USER_FLAG, CHECK_FLAG, CHECK_DESC, CHECK_ERR_TYPE, NEXT_ACTION, DATA_STATUS, DATA_FLAG, DATA_OP, DATA_SOURCE, DATA_VERSION, DATA_HASH, DATA_REJ_DESC, DATA_DEL_DESC, DATA_CRT_USER, DATA_CRT_DATE, DATA_CRT_TIME, DATA_CHG_USER, DATA_CHG_DATE, DATA_CHG_TIME, DATA_APV_USER, DATA_APV_DATE, DATA_APV_TIME, RSV1, RSV2, RSV3, RSV4, RSV5) VALUES ('295B3AE559ED46EE88E780C1B79FF5CA', null, null, null, null, null, null, '1E0BAD6FDB9B4396B4D71EDF8647C3E8', '43242259', 'Fankid He', 'Y', null, null, null, null, null, null, null, null, 1, null, null, null, 'admin', '20210226', '20210226114005', 'admin', '20210226', '20210226114005', null, null, null, null, null, null, null, null);
INSERT INTO pm_rms_group_user (DATA_ID, DATA_DATE, CORP_ID, ORG_ID, GROUP_ID, INQ_ORG_ID, INQ_GROUP_ID, USER_GROUP_ID, USER_ID, USER_NAME, RESP_USER_FLAG, CHECK_FLAG, CHECK_DESC, CHECK_ERR_TYPE, NEXT_ACTION, DATA_STATUS, DATA_FLAG, DATA_OP, DATA_SOURCE, DATA_VERSION, DATA_HASH, DATA_REJ_DESC, DATA_DEL_DESC, DATA_CRT_USER, DATA_CRT_DATE, DATA_CRT_TIME, DATA_CHG_USER, DATA_CHG_DATE, DATA_CHG_TIME, DATA_APV_USER, DATA_APV_DATE, DATA_APV_TIME, RSV1, RSV2, RSV3, RSV4, RSV5) VALUES ('2C2144A1FC0F448DBE95F8D90C35773C', null, null, null, null, null, null, '523A60CA1EB8495C9515AF0B0CDB5225', '43499195', 'Cherry Shen', 'Y', null, null, null, null, null, null, null, null, 0, null, null, null, '43449100', '20210225', '20210225200817', '43449100', '20210225', '20210225200817', null, null, null, null, null, null, null, null);
INSERT INTO pm_rms_group_user (DATA_ID, DATA_DATE, CORP_ID, ORG_ID, GROUP_ID, INQ_ORG_ID, INQ_GROUP_ID, USER_GROUP_ID, USER_ID, USER_NAME, RESP_USER_FLAG, CHECK_FLAG, CHECK_DESC, CHECK_ERR_TYPE, NEXT_ACTION, DATA_STATUS, DATA_FLAG, DATA_OP, DATA_SOURCE, DATA_VERSION, DATA_HASH, DATA_REJ_DESC, DATA_DEL_DESC, DATA_CRT_USER, DATA_CRT_DATE, DATA_CRT_TIME, DATA_CHG_USER, DATA_CHG_DATE, DATA_CHG_TIME, DATA_APV_USER, DATA_APV_DATE, DATA_APV_TIME, RSV1, RSV2, RSV3, RSV4, RSV5) VALUES ('3E29DE099E5943E68E4F844D9B10DB4C', null, null, null, null, null, null, '579D224FFA5349B78D70D187C90332BC', '44134889', 'Zichan Zhuang', 'N', null, null, null, null, null, null, null, null, 0, null, null, null, null, null, null, null, null, null, null, null, null, null, null, null, null, null);
INSERT INTO pm_rms_group_user (DATA_ID, DATA_DATE, CORP_ID, ORG_ID, GROUP_ID, INQ_ORG_ID, INQ_GROUP_ID, USER_GROUP_ID, USER_ID, USER_NAME, RESP_USER_FLAG, CHECK_FLAG, CHECK_DESC, CHECK_ERR_TYPE, NEXT_ACTION, DATA_STATUS, DATA_FLAG, DATA_OP, DATA_SOURCE, DATA_VERSION, DATA_HASH, DATA_REJ_DESC, DATA_DEL_DESC, DATA_CRT_USER, DATA_CRT_DATE, DATA_CRT_TIME, DATA_CHG_USER, DATA_CHG_DATE, DATA_CHG_TIME, DATA_APV_USER, DATA_APV_DATE, DATA_APV_TIME, RSV1, RSV2, RSV3, RSV4, RSV5) VALUES ('3EB916927F9B4692B633533FAA54FD8B', null, null, null, null, null, null, 'ABC6001E8B3D430DA404362C914FCF7A', '43161276', 'Xiya S Y SHEN', 'Y', null, null, null, null, null, null, null, null, 0, null, null, null, 'admin', '20210301', '20210301144919', 'admin', '20210301', '20210301144919', null, null, null, null, null, null, null, null);
INSERT INTO pm_rms_group_user (DATA_ID, DATA_DATE, CORP_ID, ORG_ID, GROUP_ID, INQ_ORG_ID, INQ_GROUP_ID, USER_GROUP_ID, USER_ID, USER_NAME, RESP_USER_FLAG, CHECK_FLAG, CHECK_DESC, CHECK_ERR_TYPE, NEXT_ACTION, DATA_STATUS, DATA_FLAG, DATA_OP, DATA_SOURCE, DATA_VERSION, DATA_HASH, DATA_REJ_DESC, DATA_DEL_DESC, DATA_CRT_USER, DATA_CRT_DATE, DATA_CRT_TIME, DATA_CHG_USER, DATA_CHG_DATE, DATA_CHG_TIME, DATA_APV_USER, DATA_APV_DATE, DATA_APV_TIME, RSV1, RSV2, RSV3, RSV4, RSV5) VALUES ('40E117436C5C4C93A3CCE5D70C9057B5', null, null, null, null, null, null, 'F441940C4E12479688A034B37D1FBD0D', '43642872', 'Vicki Q Y ZHENG', 'N', null, null, null, null, null, null, null, null, 0, null, null, null, '43449100', '20210225', '20210225200817', '43449100', '20210225', '20210225200817', null, null, null, null, null, null, null, null);
INSERT INTO pm_rms_group_user (DATA_ID, DATA_DATE, CORP_ID, ORG_ID, GROUP_ID, INQ_ORG_ID, INQ_GROUP_ID, USER_GROUP_ID, USER_ID, USER_NAME, RESP_USER_FLAG, CHECK_FLAG, CHECK_DESC, CHECK_ERR_TYPE, NEXT_ACTION, DATA_STATUS, DATA_FLAG, DATA_OP, DATA_SOURCE, DATA_VERSION, DATA_HASH, DATA_REJ_DESC, DATA_DEL_DESC, DATA_CRT_USER, DATA_CRT_DATE, DATA_CRT_TIME, DATA_CHG_USER, DATA_CHG_DATE, DATA_CHG_TIME, DATA_APV_USER, DATA_APV_DATE, DATA_APV_TIME, RSV1, RSV2, RSV3, RSV4, RSV5) VALUES ('441916687C7244A9ACF572CE3AF5B796', null, null, null, null, null, null, '5E5E83DB86064FCFAEA061418241138D', '43638590', 'Maggie Pu', 'N', null, null, null, null, null, null, null, null, 0, null, null, null, '43449100', '20210225', '20210225200817', '43449100', '20210225', '20210225200817', null, null, null, null, null, null, null, null);
INSERT INTO pm_rms_group_user (DATA_ID, DATA_DATE, CORP_ID, ORG_ID, GROUP_ID, INQ_ORG_ID, INQ_GROUP_ID, USER_GROUP_ID, USER_ID, USER_NAME, RESP_USER_FLAG, CHECK_FLAG, CHECK_DESC, CHECK_ERR_TYPE, NEXT_ACTION, DATA_STATUS, DATA_FLAG, DATA_OP, DATA_SOURCE, DATA_VERSION, DATA_HASH, DATA_REJ_DESC, DATA_DEL_DESC, DATA_CRT_USER, DATA_CRT_DATE, DATA_CRT_TIME, DATA_CHG_USER, DATA_CHG_DATE, DATA_CHG_TIME, DATA_APV_USER, DATA_APV_DATE, DATA_APV_TIME, RSV1, RSV2, RSV3, RSV4, RSV5) VALUES ('4B6DF6BC9D8C4CC0A718DECEDF8E66DD', null, null, null, null, null, null, 'FE2F309D59A24305A0D11F29203343BD', '43540998', 'Cloud LI', 'N', null, null, null, null, null, null, null, null, 0, null, null, null, '43449100', '20210225', '20210225200817', '43449100', '20210225', '20210225200817', null, null, null, null, null, null, null, null);
INSERT INTO pm_rms_group_user (DATA_ID, DATA_DATE, CORP_ID, ORG_ID, GROUP_ID, INQ_ORG_ID, INQ_GROUP_ID, USER_GROUP_ID, USER_ID, USER_NAME, RESP_USER_FLAG, CHECK_FLAG, CHECK_DESC, CHECK_ERR_TYPE, NEXT_ACTION, DATA_STATUS, DATA_FLAG, DATA_OP, DATA_SOURCE, DATA_VERSION, DATA_HASH, DATA_REJ_DESC, DATA_DEL_DESC, DATA_CRT_USER, DATA_CRT_DATE, DATA_CRT_TIME, DATA_CHG_USER, DATA_CHG_DATE, DATA_CHG_TIME, DATA_APV_USER, DATA_APV_DATE, DATA_APV_TIME, RSV1, RSV2, RSV3, RSV4, RSV5) VALUES ('4CE755DE08174F2C96AE04ECDA32E0DA', null, null, null, null, null, null, '523A60CA1EB8495C9515AF0B0CDB5225', '44023774', 'Jeff Xu', 'N', null, null, null, null, null, null, null, null, 0, null, null, null, '43449100', '20210225', '20210225200817', '43449100', '20210225', '20210225200817', null, null, null, null, null, null, null, null);
INSERT INTO pm_rms_group_user (DATA_ID, DATA_DATE, CORP_ID, ORG_ID, GROUP_ID, INQ_ORG_ID, INQ_GROUP_ID, USER_GROUP_ID, USER_ID, USER_NAME, RESP_USER_FLAG, CHECK_FLAG, CHECK_DESC, CHECK_ERR_TYPE, NEXT_ACTION, DATA_STATUS, DATA_FLAG, DATA_OP, DATA_SOURCE, DATA_VERSION, DATA_HASH, DATA_REJ_DESC, DATA_DEL_DESC, DATA_CRT_USER, DATA_CRT_DATE, DATA_CRT_TIME, DATA_CHG_USER, DATA_CHG_DATE, DATA_CHG_TIME, DATA_APV_USER, DATA_APV_DATE, DATA_APV_TIME, RSV1, RSV2, RSV3, RSV4, RSV5) VALUES ('576F579C69904C8F84A0B28FA1B687AC', null, null, null, null, null, null, 'A4F6A47B8A044B80BD9860B009C3CE38', '43246004', 'Penny Peng', 'Y', null, null, null, null, null, null, null, null, 0, null, null, null, '43449100', '20210225', '20210225200817', '43449100', '20210225', '20210225200817', null, null, null, null, null, null, null, null);
INSERT INTO pm_rms_group_user (DATA_ID, DATA_DATE, CORP_ID, ORG_ID, GROUP_ID, INQ_ORG_ID, INQ_GROUP_ID, USER_GROUP_ID, USER_ID, USER_NAME, RESP_USER_FLAG, CHECK_FLAG, CHECK_DESC, CHECK_ERR_TYPE, NEXT_ACTION, DATA_STATUS, DATA_FLAG, DATA_OP, DATA_SOURCE, DATA_VERSION, DATA_HASH, DATA_REJ_DESC, DATA_DEL_DESC, DATA_CRT_USER, DATA_CRT_DATE, DATA_CRT_TIME, DATA_CHG_USER, DATA_CHG_DATE, DATA_CHG_TIME, DATA_APV_USER, DATA_APV_DATE, DATA_APV_TIME, RSV1, RSV2, RSV3, RSV4, RSV5) VALUES ('59BA46DA55F141D283FA1A341DD36047', null, null, null, null, null, null, 'F441940C4E12479688A034B37D1FBD0D', '44054710', 'Jolie J Y ZHU', 'N', null, null, null, null, null, null, null, null, 0, null, null, null, '43449100', '20210225', '20210225200817', '43449100', '20210225', '20210225200817', null, null, null, null, null, null, null, null);
INSERT INTO pm_rms_group_user (DATA_ID, DATA_DATE, CORP_ID, ORG_ID, GROUP_ID, INQ_ORG_ID, INQ_GROUP_ID, USER_GROUP_ID, USER_ID, USER_NAME, RESP_USER_FLAG, CHECK_FLAG, CHECK_DESC, CHECK_ERR_TYPE, NEXT_ACTION, DATA_STATUS, DATA_FLAG, DATA_OP, DATA_SOURCE, DATA_VERSION, DATA_HASH, DATA_REJ_DESC, DATA_DEL_DESC, DATA_CRT_USER, DATA_CRT_DATE, DATA_CRT_TIME, DATA_CHG_USER, DATA_CHG_DATE, DATA_CHG_TIME, DATA_APV_USER, DATA_APV_DATE, DATA_APV_TIME, RSV1, RSV2, RSV3, RSV4, RSV5) VALUES ('5D974CDA4594445286596E6BF39144E9', null, null, null, null, null, null, '7CA97122342841AB85CCE421F1C03EE2', '34012488', 'Freda Xiong', 'N', null, null, null, null, null, null, null, null, 0, null, null, null, '43449100', '20210225', '20210225200817', '43449100', '20210225', '20210225200817', null, null, null, null, null, null, null, null);
INSERT INTO pm_rms_group_user (DATA_ID, DATA_DATE, CORP_ID, ORG_ID, GROUP_ID, INQ_ORG_ID, INQ_GROUP_ID, USER_GROUP_ID, USER_ID, USER_NAME, RESP_USER_FLAG, CHECK_FLAG, CHECK_DESC, CHECK_ERR_TYPE, NEXT_ACTION, DATA_STATUS, DATA_FLAG, DATA_OP, DATA_SOURCE, DATA_VERSION, DATA_HASH, DATA_REJ_DESC, DATA_DEL_DESC, DATA_CRT_USER, DATA_CRT_DATE, DATA_CRT_TIME, DATA_CHG_USER, DATA_CHG_DATE, DATA_CHG_TIME, DATA_APV_USER, DATA_APV_DATE, DATA_APV_TIME, RSV1, RSV2, RSV3, RSV4, RSV5) VALUES ('5EC0D6D9FAE145BAAF9C09408C8BB6B1', null, null, null, null, null, null, 'A4F6A47B8A044B80BD9860B009C3CE38', '43797448', 'Maggie Chen', 'N', null, null, null, null, null, null, null, null, 0, null, null, null, '43449100', '20210225', '20210225200817', '43449100', '20210225', '20210225200817', null, null, null, null, null, null, null, null);
INSERT INTO pm_rms_group_user (DATA_ID, DATA_DATE, CORP_ID, ORG_ID, GROUP_ID, INQ_ORG_ID, INQ_GROUP_ID, USER_GROUP_ID, USER_ID, USER_NAME, RESP_USER_FLAG, CHECK_FLAG, CHECK_DESC, CHECK_ERR_TYPE, NEXT_ACTION, DATA_STATUS, DATA_FLAG, DATA_OP, DATA_SOURCE, DATA_VERSION, DATA_HASH, DATA_REJ_DESC, DATA_DEL_DESC, DATA_CRT_USER, DATA_CRT_DATE, DATA_CRT_TIME, DATA_CHG_USER, DATA_CHG_DATE, DATA_CHG_TIME, DATA_APV_USER, DATA_APV_DATE, DATA_APV_TIME, RSV1, RSV2, RSV3, RSV4, RSV5) VALUES ('6BCCF466E51540DC8A9FFB6FA57F1347', null, null, null, null, null, null, '7CA97122342841AB85CCE421F1C03EE2', '43291687', 'Eva Que', 'Y', null, null, null, null, null, null, null, null, 0, null, null, null, '43449100', '20210225', '20210225200817', '43449100', '20210225', '20210225200817', null, null, null, null, null, null, null, null);
INSERT INTO pm_rms_group_user (DATA_ID, DATA_DATE, CORP_ID, ORG_ID, GROUP_ID, INQ_ORG_ID, INQ_GROUP_ID, USER_GROUP_ID, USER_ID, USER_NAME, RESP_USER_FLAG, CHECK_FLAG, CHECK_DESC, CHECK_ERR_TYPE, NEXT_ACTION, DATA_STATUS, DATA_FLAG, DATA_OP, DATA_SOURCE, DATA_VERSION, DATA_HASH, DATA_REJ_DESC, DATA_DEL_DESC, DATA_CRT_USER, DATA_CRT_DATE, DATA_CRT_TIME, DATA_CHG_USER, DATA_CHG_DATE, DATA_CHG_TIME, DATA_APV_USER, DATA_APV_DATE, DATA_APV_TIME, RSV1, RSV2, RSV3, RSV4, RSV5) VALUES ('7C74156834CB4DFA802EE8501B838CF2', null, null, null, null, null, null, '7CA97122342841AB85CCE421F1C03EE2', '43688447', 'Monica Li', 'N', null, null, null, null, null, null, null, null, 0, null, null, null, '43449100', '20210225', '20210225200817', '43449100', '20210225', '20210225200817', null, null, null, null, null, null, null, null);
INSERT INTO pm_rms_group_user (DATA_ID, DATA_DATE, CORP_ID, ORG_ID, GROUP_ID, INQ_ORG_ID, INQ_GROUP_ID, USER_GROUP_ID, USER_ID, USER_NAME, RESP_USER_FLAG, CHECK_FLAG, CHECK_DESC, CHECK_ERR_TYPE, NEXT_ACTION, DATA_STATUS, DATA_FLAG, DATA_OP, DATA_SOURCE, DATA_VERSION, DATA_HASH, DATA_REJ_DESC, DATA_DEL_DESC, DATA_CRT_USER, DATA_CRT_DATE, DATA_CRT_TIME, DATA_CHG_USER, DATA_CHG_DATE, DATA_CHG_TIME, DATA_APV_USER, DATA_APV_DATE, DATA_APV_TIME, RSV1, RSV2, RSV3, RSV4, RSV5) VALUES ('808E877D65DF4B67BC180AEF0BB8FE79', null, null, null, null, null, null, '1E0BAD6FDB9B4396B4D71EDF8647C3E8', '43449100', 'Dai Ming', 'Y', null, null, null, null, null, null, null, null, 1, null, null, null, 'admin', '20210226', '20210226114005', 'admin', '20210226', '20210226114005', null, null, null, null, null, null, null, null);
INSERT INTO pm_rms_group_user (DATA_ID, DATA_DATE, CORP_ID, ORG_ID, GROUP_ID, INQ_ORG_ID, INQ_GROUP_ID, USER_GROUP_ID, USER_ID, USER_NAME, RESP_USER_FLAG, CHECK_FLAG, CHECK_DESC, CHECK_ERR_TYPE, NEXT_ACTION, DATA_STATUS, DATA_FLAG, DATA_OP, DATA_SOURCE, DATA_VERSION, DATA_HASH, DATA_REJ_DESC, DATA_DEL_DESC, DATA_CRT_USER, DATA_CRT_DATE, DATA_CRT_TIME, DATA_CHG_USER, DATA_CHG_DATE, DATA_CHG_TIME, DATA_APV_USER, DATA_APV_DATE, DATA_APV_TIME, RSV1, RSV2, RSV3, RSV4, RSV5) VALUES ('85925B91560145E0B28B21957494D5E1', null, null, null, null, null, null, '6B97970334F54D18ACE172DE4196CC47', '43958741', 'Ning GE', 'Y', null, null, null, null, null, null, null, null, 0, null, null, null, '43449100', '20210225', '20210225200817', '43449100', '20210225', '20210225200817', null, null, null, null, null, null, null, null);
INSERT INTO pm_rms_group_user (DATA_ID, DATA_DATE, CORP_ID, ORG_ID, GROUP_ID, INQ_ORG_ID, INQ_GROUP_ID, USER_GROUP_ID, USER_ID, USER_NAME, RESP_USER_FLAG, CHECK_FLAG, CHECK_DESC, CHECK_ERR_TYPE, NEXT_ACTION, DATA_STATUS, DATA_FLAG, DATA_OP, DATA_SOURCE, DATA_VERSION, DATA_HASH, DATA_REJ_DESC, DATA_DEL_DESC, DATA_CRT_USER, DATA_CRT_DATE, DATA_CRT_TIME, DATA_CHG_USER, DATA_CHG_DATE, DATA_CHG_TIME, DATA_APV_USER, DATA_APV_DATE, DATA_APV_TIME, RSV1, RSV2, RSV3, RSV4, RSV5) VALUES ('89373174D7D74A52802A73E24E99CDB6', null, null, null, null, null, null, 'A4F6A47B8A044B80BD9860B009C3CE38', '34010912', 'Kelly Zhang', 'Y', null, null, null, null, null, null, null, null, 0, null, null, null, '43449100', '20210225', '20210225200817', '43449100', '20210225', '20210225200817', null, null, null, null, null, null, null, null);
INSERT INTO pm_rms_group_user (DATA_ID, DATA_DATE, CORP_ID, ORG_ID, GROUP_ID, INQ_ORG_ID, INQ_GROUP_ID, USER_GROUP_ID, USER_ID, USER_NAME, RESP_USER_FLAG, CHECK_FLAG, CHECK_DESC, CHECK_ERR_TYPE, NEXT_ACTION, DATA_STATUS, DATA_FLAG, DATA_OP, DATA_SOURCE, DATA_VERSION, DATA_HASH, DATA_REJ_DESC, DATA_DEL_DESC, DATA_CRT_USER, DATA_CRT_DATE, DATA_CRT_TIME, DATA_CHG_USER, DATA_CHG_DATE, DATA_CHG_TIME, DATA_APV_USER, DATA_APV_DATE, DATA_APV_TIME, RSV1, RSV2, RSV3, RSV4, RSV5) VALUES ('897E7434BB004924AD7AD77D69E3F610', null, null, null, null, null, null, 'FE2F309D59A24305A0D11F29203343BD', '34035307', 'James LIU', 'Y', null, null, null, null, null, null, null, null, 0, null, null, null, '43449100', '20210225', '20210225200817', '43449100', '20210225', '20210225200817', null, null, null, null, null, null, null, null);
INSERT INTO pm_rms_group_user (DATA_ID, DATA_DATE, CORP_ID, ORG_ID, GROUP_ID, INQ_ORG_ID, INQ_GROUP_ID, USER_GROUP_ID, USER_ID, USER_NAME, RESP_USER_FLAG, CHECK_FLAG, CHECK_DESC, CHECK_ERR_TYPE, NEXT_ACTION, DATA_STATUS, DATA_FLAG, DATA_OP, DATA_SOURCE, DATA_VERSION, DATA_HASH, DATA_REJ_DESC, DATA_DEL_DESC, DATA_CRT_USER, DATA_CRT_DATE, DATA_CRT_TIME, DATA_CHG_USER, DATA_CHG_DATE, DATA_CHG_TIME, DATA_APV_USER, DATA_APV_DATE, DATA_APV_TIME, RSV1, RSV2, RSV3, RSV4, RSV5) VALUES ('89B22605A241465EB3D8B6B7A910B4C3', null, null, null, null, null, null, 'ABC6001E8B3D430DA404362C914FCF7A', '43391633', 'Amy J L BAO', 'N', null, null, null, null, null, null, null, null, 0, null, null, null, 'admin', '20210301', '20210301144919', 'admin', '20210301', '20210301144919', null, null, null, null, null, null, null, null);
INSERT INTO pm_rms_group_user (DATA_ID, DATA_DATE, CORP_ID, ORG_ID, GROUP_ID, INQ_ORG_ID, INQ_GROUP_ID, USER_GROUP_ID, USER_ID, USER_NAME, RESP_USER_FLAG, CHECK_FLAG, CHECK_DESC, CHECK_ERR_TYPE, NEXT_ACTION, DATA_STATUS, DATA_FLAG, DATA_OP, DATA_SOURCE, DATA_VERSION, DATA_HASH, DATA_REJ_DESC, DATA_DEL_DESC, DATA_CRT_USER, DATA_CRT_DATE, DATA_CRT_TIME, DATA_CHG_USER, DATA_CHG_DATE, DATA_CHG_TIME, DATA_APV_USER, DATA_APV_DATE, DATA_APV_TIME, RSV1, RSV2, RSV3, RSV4, RSV5) VALUES ('A8F2520511B746D18C98222F7DC2FB37', null, null, null, null, null, null, 'ABC6001E8B3D430DA404362C914FCF7A', '43453472', 'Anne', 'Y', null, null, null, null, null, null, null, null, 0, null, null, null, null, null, null, null, null, null, null, null, null, null, null, null, null, null);
INSERT INTO pm_rms_group_user (DATA_ID, DATA_DATE, CORP_ID, ORG_ID, GROUP_ID, INQ_ORG_ID, INQ_GROUP_ID, USER_GROUP_ID, USER_ID, USER_NAME, RESP_USER_FLAG, CHECK_FLAG, CHECK_DESC, CHECK_ERR_TYPE, NEXT_ACTION, DATA_STATUS, DATA_FLAG, DATA_OP, DATA_SOURCE, DATA_VERSION, DATA_HASH, DATA_REJ_DESC, DATA_DEL_DESC, DATA_CRT_USER, DATA_CRT_DATE, DATA_CRT_TIME, DATA_CHG_USER, DATA_CHG_DATE, DATA_CHG_TIME, DATA_APV_USER, DATA_APV_DATE, DATA_APV_TIME, RSV1, RSV2, RSV3, RSV4, RSV5) VALUES ('B0DFB4DEAEBA4EF8AABDE7407978575D', null, null, null, null, null, null, '54016BB3752F4B5FA4EC8060CB8EB255', '43666145', 'Shi Qi S LI', 'N', null, null, null, null, null, null, null, null, 0, null, null, null, '43449100', '20210225', '20210225200817', '43449100', '20210225', '20210225200817', null, null, null, null, null, null, null, null);
INSERT INTO pm_rms_group_user (DATA_ID, DATA_DATE, CORP_ID, ORG_ID, GROUP_ID, INQ_ORG_ID, INQ_GROUP_ID, USER_GROUP_ID, USER_ID, USER_NAME, RESP_USER_FLAG, CHECK_FLAG, CHECK_DESC, CHECK_ERR_TYPE, NEXT_ACTION, DATA_STATUS, DATA_FLAG, DATA_OP, DATA_SOURCE, DATA_VERSION, DATA_HASH, DATA_REJ_DESC, DATA_DEL_DESC, DATA_CRT_USER, DATA_CRT_DATE, DATA_CRT_TIME, DATA_CHG_USER, DATA_CHG_DATE, DATA_CHG_TIME, DATA_APV_USER, DATA_APV_DATE, DATA_APV_TIME, RSV1, RSV2, RSV3, RSV4, RSV5) VALUES ('C6B7B32EE52F4A5D8C60E5B880560E73', null, null, null, null, null, null, 'F441940C4E12479688A034B37D1FBD0D', '44045633', 'Kate X X YANG', 'Y', null, null, null, null, null, null, null, null, 0, null, null, null, '43449100', '20210225', '20210225200817', '43449100', '20210225', '20210225200817', null, null, null, null, null, null, null, null);
INSERT INTO pm_rms_group_user (DATA_ID, DATA_DATE, CORP_ID, ORG_ID, GROUP_ID, INQ_ORG_ID, INQ_GROUP_ID, USER_GROUP_ID, USER_ID, USER_NAME, RESP_USER_FLAG, CHECK_FLAG, CHECK_DESC, CHECK_ERR_TYPE, NEXT_ACTION, DATA_STATUS, DATA_FLAG, DATA_OP, DATA_SOURCE, DATA_VERSION, DATA_HASH, DATA_REJ_DESC, DATA_DEL_DESC, DATA_CRT_USER, DATA_CRT_DATE, DATA_CRT_TIME, DATA_CHG_USER, DATA_CHG_DATE, DATA_CHG_TIME, DATA_APV_USER, DATA_APV_DATE, DATA_APV_TIME, RSV1, RSV2, RSV3, RSV4, RSV5) VALUES ('D4A70190E44F4DA09A49951CCEED46D9', null, null, null, null, null, null, '579D224FFA5349B78D70D187C90332BC', '34059638', 'Rachel J LIU', 'Y', null, null, null, null, null, null, null, null, 0, null, null, null, 'admin', '20210301', '20210301144834', 'admin', '20210301', '20210301144834', null, null, null, null, null, null, null, null);
INSERT INTO pm_rms_group_user (DATA_ID, DATA_DATE, CORP_ID, ORG_ID, GROUP_ID, INQ_ORG_ID, INQ_GROUP_ID, USER_GROUP_ID, USER_ID, USER_NAME, RESP_USER_FLAG, CHECK_FLAG, CHECK_DESC, CHECK_ERR_TYPE, NEXT_ACTION, DATA_STATUS, DATA_FLAG, DATA_OP, DATA_SOURCE, DATA_VERSION, DATA_HASH, DATA_REJ_DESC, DATA_DEL_DESC, DATA_CRT_USER, DATA_CRT_DATE, DATA_CRT_TIME, DATA_CHG_USER, DATA_CHG_DATE, DATA_CHG_TIME, DATA_APV_USER, DATA_APV_DATE, DATA_APV_TIME, RSV1, RSV2, RSV3, RSV4, RSV5) VALUES ('D8B974683860482182BA4FCEEB320926', null, null, null, null, null, null, '6B97970334F54D18ACE172DE4196CC47', '43618826', 'Shirley Xu', 'N', null, null, null, null, null, null, null, null, 0, null, null, null, '43449100', '20210225', '20210225200817', '43449100', '20210225', '20210225200817', null, null, null, null, null, null, null, null);
INSERT INTO pm_rms_group_user (DATA_ID, DATA_DATE, CORP_ID, ORG_ID, GROUP_ID, INQ_ORG_ID, INQ_GROUP_ID, USER_GROUP_ID, USER_ID, USER_NAME, RESP_USER_FLAG, CHECK_FLAG, CHECK_DESC, CHECK_ERR_TYPE, NEXT_ACTION, DATA_STATUS, DATA_FLAG, DATA_OP, DATA_SOURCE, DATA_VERSION, DATA_HASH, DATA_REJ_DESC, DATA_DEL_DESC, DATA_CRT_USER, DATA_CRT_DATE, DATA_CRT_TIME, DATA_CHG_USER, DATA_CHG_DATE, DATA_CHG_TIME, DATA_APV_USER, DATA_APV_DATE, DATA_APV_TIME, RSV1, RSV2, RSV3, RSV4, RSV5) VALUES ('F2BD6BBDB9A6477DB641446DE5518CCC', null, null, null, null, null, null, 'F441940C4E12479688A034B37D1FBD0D', '44044606', 'Kristine Z Z ZHOU', 'Y', null, null, null, null, null, null, null, null, 0, null, null, null, '43449100', '20210225', '20210225200817', '43449100', '20210225', '20210225200817', null, null, null, null, null, null, null, null);
INSERT INTO pm_rms_group_user (DATA_ID, DATA_DATE, CORP_ID, ORG_ID, GROUP_ID, INQ_ORG_ID, INQ_GROUP_ID, USER_GROUP_ID, USER_ID, USER_NAME, RESP_USER_FLAG, CHECK_FLAG, CHECK_DESC, CHECK_ERR_TYPE, NEXT_ACTION, DATA_STATUS, DATA_FLAG, DATA_OP, DATA_SOURCE, DATA_VERSION, DATA_HASH, DATA_REJ_DESC, DATA_DEL_DESC, DATA_CRT_USER, DATA_CRT_DATE, DATA_CRT_TIME, DATA_CHG_USER, DATA_CHG_DATE, DATA_CHG_TIME, DATA_APV_USER, DATA_APV_DATE, DATA_APV_TIME, RSV1, RSV2, RSV3, RSV4, RSV5) VALUES ('F7A1B95F019D41ED8B411C9E2E2D690B', null, null, null, null, null, null, '7CA97122342841AB85CCE421F1C03EE2', '45019379', 'Amy Liao', 'Y', null, null, null, null, null, null, null, null, 0, null, null, null, '43449100', '20210225', '20210225200817', '43449100', '20210225', '20210225200817', null, null, null, null, null, null, null, null);
INSERT INTO pm_rms_group_user (DATA_ID, DATA_DATE, CORP_ID, ORG_ID, GROUP_ID, INQ_ORG_ID, INQ_GROUP_ID, USER_GROUP_ID, USER_ID, USER_NAME, RESP_USER_FLAG, CHECK_FLAG, CHECK_DESC, CHECK_ERR_TYPE, NEXT_ACTION, DATA_STATUS, DATA_FLAG, DATA_OP, DATA_SOURCE, DATA_VERSION, DATA_HASH, DATA_REJ_DESC, DATA_DEL_DESC, DATA_CRT_USER, DATA_CRT_DATE, DATA_CRT_TIME, DATA_CHG_USER, DATA_CHG_DATE, DATA_CHG_TIME, DATA_APV_USER, DATA_APV_DATE, DATA_APV_TIME, RSV1, RSV2, RSV3, RSV4, RSV5) VALUES ('FAF0E10D42A740F2A647C286F051B3FD', null, null, null, null, null, null, '5E5E83DB86064FCFAEA061418241138D', '43363196', 'Boon Li', 'Y', null, null, null, null, null, null, null, null, 0, null, null, null, '43449100', '20210225', '20210225200817', '43449100', '20210225', '20210225200817', null, null, null, null, null, null, null, null);


